window,proxy,group,peak_ratio,d_half_life
Replication (1986–2015),Volatility,Energy,1,-2
Replication (1986–2015),Volatility,Energy,1.2241569612909722,0
Replication (1986–2015),Volatility,Energy,1.140342754974858,0
Replication (1986–2015),Volatility,Energy,1.337405706551096,0
Replication (1986–2015),Volatility,Energy,1.1913939721741642,0
Replication (1986–2015),Volatility,Energy,1.5310997989964563,0
Replication (1986–2015),Volatility,Energy,0.9861523541823338,0
Replication (1986–2015),Volatility,Energy,1.8610950495553922,0
Replication (1986–2015),Volatility,Energy,1.3298943703851478,0
Replication (1986–2015),Volatility,Energy,1.2412759588032396,0
Replication (1986–2015),Volatility,Energy,1.4183018935257907,0
Replication (1986–2015),Volatility,Energy,1.266761727790109,0
Replication (1986–2015),Volatility,Energy,0.8591888078795366,0
Replication (1986–2015),Volatility,Energy,1.1751777067540141,0
Replication (1986–2015),Volatility,Energy,1.3094667859946676,0
Replication (1986–2015),Volatility,Energy,2.6209106687275074,0
Replication (1986–2015),Volatility,Energy,1.267458423051219,0
Replication (1986–2015),Volatility,Energy,0.546040647967345,0
Replication (1986–2015),Volatility,Energy,1.1433195392879216,0
Replication (1986–2015),Volatility,Energy,1,-1
Replication (1986–2015),Volatility,Energy,1.0723681585802967,0
Replication (1986–2015),Volatility,Energy,1.341465256563885,0
Replication (1986–2015),Volatility,Energy,1.3725940818275615,0
Replication (1986–2015),Volatility,Energy,1.4559437789989644,0
Replication (1986–2015),Volatility,Energy,1.0049217777364525,0
Replication (1986–2015),Volatility,Energy,1.6759137446316252,0
Replication (1986–2015),Volatility,Energy,1.3488783116124967,0
Replication (1986–2015),Volatility,Energy,1.2716414368143718,0
Replication (1986–2015),Volatility,Energy,1.4765969230336196,0
Replication (1986–2015),Volatility,Energy,1.2610349243470695,0
Replication (1986–2015),Volatility,Energy,0.8394600045467038,0
Replication (1986–2015),Volatility,Energy,1.5368618418205164,0
Replication (1986–2015),Volatility,Energy,1.4472400108090588,0
Replication (1986–2015),Volatility,Energy,2.539746419018313,0
Replication (1986–2015),Volatility,Energy,1.3514254017611478,0
Replication (1986–2015),Volatility,Energy,0.48724260336108716,0
Replication (1986–2015),Volatility,Energy,1.3950449302348946,0
Replication (1986–2015),Volatility,Energy,1.2948303955605942,0
Replication (1986–2015),Volatility,Energy,1,0
Replication (1986–2015),Volatility,Energy,1.3349145595972933,0
Replication (1986–2015),Volatility,Energy,1.164500201132038,0
Replication (1986–2015),Volatility,Energy,1.7665680823474312,0
Replication (1986–2015),Volatility,Energy,1.1134036171351676,0
Replication (1986–2015),Volatility,Energy,1.095695075827652,0
Replication (1986–2015),Volatility,Energy,1.3171827974189236,0
Replication (1986–2015),Volatility,Energy,1.2310465311532124,0
Replication (1986–2015),Volatility,Energy,1.3497362335504108,0
Replication (1986–2015),Volatility,Energy,1.245505985764928,0
Replication (1986–2015),Volatility,Energy,0.8733219193590038,0
Replication (1986–2015),Volatility,Energy,1.0029212526978704,0
Replication (1986–2015),Volatility,Energy,1.2706129160468922,0
Replication (1986–2015),Volatility,Energy,1.954107670207029,0
Replication (1986–2015),Volatility,Energy,1.1962643898277845,0
Replication (1986–2015),Volatility,Energy,0.6087103301728051,0
Replication (1986–2015),Volatility,Energy,1.473821359523773,0
Replication (1986–2015),Volatility,Energy,2.4734587430980857,0
Replication (1986–2015),Volatility,Energy,1.2599510650901975,0
Replication (1986–2015),Volatility,Energy,1,0
Replication (1986–2015),Volatility,Energy,1.0420466822392,0
Replication (1986–2015),Volatility,Energy,2.5034649373218056,0
Replication (1986–2015),Volatility,Energy,2.1352545465906942,0
Replication (1986–2015),Volatility,Energy,1.2029102817818942,0
Replication (1986–2015),Volatility,Energy,0.7871734543024242,0
Replication (1986–2015),Volatility,Energy,0.7757466098551096,0
Replication (1986–2015),Volatility,Energy,0.7691695031908639,0
Replication (1986–2015),Volatility,Energy,0.5628466110411904,0
Replication (1986–2015),Volatility,Energy,1.1386412664768195,0
Replication (1986–2015),Volatility,Energy,1.706387328449703,0
Replication (1986–2015),Volatility,Energy,0.675295286397589,0
Replication (1986–2015),Volatility,Energy,1.12164595339991,0
Replication (1986–2015),Volatility,Energy,1.0919814433710855,0
Replication (1986–2015),Volatility,Energy,0.7613500962851798,0
Replication (1986–2015),Volatility,Energy,0.9561299613060418,0
Replication (1986–2015),Volatility,Energy,0.5348139691119682,0
Replication (1986–2015),Volatility,Energy,1.3398824670664216,0
Replication (1986–2015),Volatility,Energy,1.8860798028040533,0
Replication (1986–2015),Volatility,Energy,1,0
Replication (1986–2015),Volatility,Energy,1.1312393897064335,0
Replication (1986–2015),Volatility,Energy,1.1644402846706172,0
Replication (1986–2015),Volatility,Energy,0.5768742167362149,0
Replication (1986–2015),Volatility,Energy,1.0592647475662418,0
Replication (1986–2015),Volatility,Energy,1.3150518384954497,0
Replication (1986–2015),Volatility,Energy,1.2010144384005244,0
Replication (1986–2015),Volatility,Energy,0.8448751335741096,0
Replication (1986–2015),Volatility,Energy,1.8457245202291805,0
Replication (1986–2015),Volatility,Energy,1.2741980969613826,0
Replication (1986–2015),Volatility,Energy,1.6100928260939162,0
Replication (1986–2015),Volatility,Energy,1.3753464594881144,0
Replication (1986–2015),Volatility,Energy,2.31580275869474,0
Replication (1986–2015),Volatility,Energy,0.8655765373927556,0
Replication (1986–2015),Volatility,Agriculture,1.0541103643097294,0
Replication (1986–2015),Volatility,Agriculture,1.1117523560404012,0
Replication (1986–2015),Volatility,Agriculture,1.122384477716707,0
Replication (1986–2015),Volatility,Agriculture,1.1375931929011944,0
Replication (1986–2015),Volatility,Agriculture,1.3412979123111715,0
Replication (1986–2015),Volatility,Agriculture,1,0
Replication (1986–2015),Volatility,Agriculture,1.4200738689513492,0
Replication (1986–2015),Volatility,Agriculture,1.551295168389076,0
Replication (1986–2015),Volatility,Agriculture,1.2137619239817072,0
Replication (1986–2015),Volatility,Agriculture,1.8938230518371184,0
Replication (1986–2015),Volatility,Agriculture,1.2428783605160856,0
Replication (1986–2015),Volatility,Agriculture,0.7101111805202538,0
Replication (1986–2015),Volatility,Agriculture,1.1179960997658507,0
Replication (1986–2015),Volatility,Agriculture,1.1531478261657109,0
Replication (1986–2015),Volatility,Agriculture,1.4666059837638645,0
Replication (1986–2015),Volatility,Agriculture,1.1247112213358212,0
Replication (1986–2015),Volatility,Agriculture,1.1943149310621377,0
Replication (1986–2015),Volatility,Agriculture,0.9902798604464715,0
Replication (1986–2015),Volatility,Agriculture,0.7907415866994192,0
Replication (1986–2015),Volatility,Agriculture,0.4590924075480806,0
Replication (1986–2015),Volatility,Agriculture,0.9277633593781717,0
Replication (1986–2015),Volatility,Agriculture,0.7353464136651111,0
Replication (1986–2015),Volatility,Agriculture,0.9297225076694422,0
Replication (1986–2015),Volatility,Agriculture,1.3951813664601918,0
Replication (1986–2015),Volatility,Agriculture,1,0
Replication (1986–2015),Volatility,Agriculture,1.222965414024682,0
Replication (1986–2015),Volatility,Agriculture,1.8606041082581524,0
Replication (1986–2015),Volatility,Agriculture,2.538767829756259,0
Replication (1986–2015),Volatility,Agriculture,1.777602885929994,0
Replication (1986–2015),Volatility,Agriculture,1.4839001306196413,0
Replication (1986–2015),Volatility,Agriculture,1.0767049837733889,0
Replication (1986–2015),Volatility,Agriculture,1.2038188713668652,0
Replication (1986–2015),Volatility,Agriculture,0.965823020670356,0
Replication (1986–2015),Volatility,Agriculture,1.5353639362702842,0
Replication (1986–2015),Volatility,Agriculture,1.1711346523827337,0
Replication (1986–2015),Volatility,Agriculture,1.8759497523813662,0
Replication (1986–2015),Volatility,Agriculture,1.1629887426222365,0
Replication (1986–2015),Volatility,Agriculture,0.7608254952273282,0
Replication (1986–2015),Volatility,Agriculture,0.6018910004243874,0
Replication (1986–2015),Volatility,Agriculture,0.8575094024514242,0
Replication (1986–2015),Volatility,Agriculture,0.6189247485773399,0
Replication (1986–2015),Volatility,Agriculture,0.9325364088511282,0
Replication (1986–2015),Volatility,Agriculture,1.7958953582670718,0
Replication (1986–2015),Volatility,Agriculture,1,0
Replication (1986–2015),Volatility,Agriculture,1.1782124824454108,0
Replication (1986–2015),Volatility,Agriculture,1.078677392505725,0
Replication (1986–2015),Volatility,Agriculture,1.0932847376017043,0
Replication (1986–2015),Volatility,Agriculture,1.45302511325737,0
Replication (1986–2015),Volatility,Agriculture,1.010441466662428,0
Replication (1986–2015),Volatility,Agriculture,0.6800709208476331,0
Replication (1986–2015),Volatility,Agriculture,0.8309904827534491,0
Replication (1986–2015),Volatility,Agriculture,1.56664056049419,0
Replication (1986–2015),Volatility,Agriculture,0.8750029058354339,0
Replication (1986–2015),Volatility,Agriculture,2.265827432755925,0
Replication (1986–2015),Volatility,Industrial,0.9984627012568674,0
Replication (1986–2015),Volatility,Industrial,1.459255379183835,0
Replication (1986–2015),Volatility,Industrial,0.9828842752236565,0
Replication (1986–2015),Volatility,Industrial,0.7226626517231779,0
Replication (1986–2015),Volatility,Industrial,1.3427010753785273,0
Replication (1986–2015),Volatility,Industrial,2.032803695939125,0
Replication (1986–2015),Volatility,Industrial,1.1037646490600146,0
Replication (1986–2015),Volatility,Industrial,2.135616780564457,0
Replication (1986–2015),Volatility,Industrial,1.1692900528841692,0
Replication (1986–2015),Volatility,Industrial,1.9512743023280283,0
Replication (1986–2015),Volatility,Industrial,1.3047400584262931,0
Replication (1986–2015),Volatility,Industrial,2.1306506373523084,0
Replication (1986–2015),Volatility,Industrial,1.4966329706559076,0
Replication (1986–2015),Volatility,Industrial,1.1371102158607886,0
Replication (1986–2015),Volatility,Industrial,0.9249712236688619,0
Replication (1986–2015),Volatility,Industrial,1.5396753281015183,0
Replication (1986–2015),Volatility,Industrial,0.6141742868268559,0
Replication (1986–2015),Volatility,Industrial,1.2555193130497881,0
Replication (1986–2015),Volatility,Industrial,0.6203693749077578,0
Replication (1986–2015),Volatility,Industrial,0.8431973311750243,0
Replication (1986–2015),Volatility,Industrial,0.9057570395109096,0
Replication (1986–2015),Volatility,Industrial,1.5694817652038358,0
Replication (1986–2015),Volatility,Industrial,0.9976802719912623,0
Replication (1986–2015),Volatility,Industrial,0.9534013950918134,0
Replication (1986–2015),Volatility,Industrial,0.7172015574820134,0
Replication (1986–2015),Volatility,Industrial,1.5244310197826036,0
Replication (1986–2015),Volatility,Industrial,1.5710246817335285,0
Replication (1986–2015),Volatility,Industrial,1,0
Replication (1986–2015),Volatility,Industrial,1.8947707734388632,0
Replication (1986–2015),Volatility,Industrial,1.7861223222556786,0
Replication (1986–2015),Volatility,Industrial,0.9518061287066797,0
Replication (1986–2015),Volatility,Industrial,1.6163249848015648,0
Replication (1986–2015),Volatility,Industrial,0.941746760209378,0
Replication (1986–2015),Volatility,Industrial,0.8628943395629749,0
Replication (1986–2015),Volatility,Industrial,0.6792463581603452,0
Replication (1986–2015),Volatility,Industrial,1.140209870603113,0
Replication (1986–2015),Volatility,Industrial,1.3403933095543943,0
Replication (1986–2015),Volatility,Industrial,1.7508408301998202,0
Replication (1986–2015),Volatility,Industrial,1.0988136475434058,0
Replication (1986–2015),Volatility,Industrial,1.0341027167217187,0
Replication (1986–2015),Volatility,Industrial,0.7714147859182441,0
Replication (1986–2015),Volatility,Industrial,2.36631784040609,0
Replication (1986–2015),Volatility,Industrial,0.5218820425648265,0
Replication (1986–2015),Volatility,Industrial,2.34132003363757,0
Replication (1986–2015),Volatility,Industrial,0.7589009938415848,0
Replication (1986–2015),Volatility,Industrial,0.7253814519029841,0
Replication (1986–2015),Volatility,Industrial,1,0
Replication (1986–2015),Volatility,Industrial,0.5896488805609725,0
Replication (1986–2015),Volatility,Industrial,0.7879969405198919,0
Replication (1986–2015),Volatility,Industrial,0.5074642361975592,0
Replication (1986–2015),Volatility,Industrial,1.4308149635994352,0
Replication (1986–2015),Volatility,Industrial,1.5557642634655762,0
Replication (1986–2015),Volatility,Industrial,0.8735956513358886,0
Replication (1986–2015),Volatility,Industrial,1.5168954845143197,0
Replication (1986–2015),Volatility,Industrial,0.4934651559494599,0
Replication (1986–2015),Volatility,Industrial,0.6918128565861742,0
Replication (1986–2015),Volatility,Industrial,0.8405717659165253,0
Replication (1986–2015),Volatility,Industrial,0.7359401373848343,0
Replication (1986–2015),Volatility,Industrial,0.8326549913290087,0
Replication (1986–2015),Volatility,Industrial,2.0432987273912486,0
Replication (1986–2015),Volatility,Industrial,1.39983012947986,0
Replication (1986–2015),Volatility,Industrial,2.2862399763845795,0
Replication (1986–2015),Volatility,Industrial,1.2240514537993434,0
Replication (1986–2015),Volatility,Industrial,1.2370258594276402,0
Replication (1986–2015),Volatility,Industrial,1.2872860728506568,0
Replication (1986–2015),Volatility,Industrial,1,0
Replication (1986–2015),Volatility,Industrial,1.2558311174145205,0
Replication (1986–2015),Volatility,Industrial,1.2119724817231317,0
Replication (1986–2015),Volatility,Industrial,1.4130135561543744,0
Replication (1986–2015),Volatility,Industrial,1.583538925745444,0
Replication (1986–2015),Volatility,Industrial,1.783282115305288,0
Replication (1986–2015),Volatility,Industrial,1.0919569215372436,0
Replication (1986–2015),Volatility,Energy,1.2664340960122844,0
Replication (1986–2015),Volatility,Energy,1.3289099595340006,0
Replication (1986–2015),Volatility,Energy,1.999395673242269,0
Replication (1986–2015),Volatility,Energy,1.5802658634302336,0
Replication (1986–2015),Volatility,Energy,1.2444405324678611,0
Replication (1986–2015),Volatility,Energy,1.0942826027181771,0
Replication (1986–2015),Volatility,Energy,1.0901392326714163,0
Replication (1986–2015),Volatility,Energy,1.6708794673044092,0
Replication (1986–2015),Volatility,Energy,1.1007607356816502,0
Replication (1986–2015),Volatility,Energy,1.2672185504691202,0
Replication (1986–2015),Volatility,Energy,0.9042340311900128,0
Replication (1986–2015),Volatility,Energy,1.0672477792561712,0
Replication (1986–2015),Volatility,Energy,1,0
Replication (1986–2015),Volatility,Energy,1.177789169073711,0
Replication (1986–2015),Volatility,Energy,1.4720178138102984,0
Replication (1986–2015),Volatility,Energy,1.0025665965933948,0
Replication (1986–2015),Volatility,Energy,2.0713390585523017,0
Replication (1986–2015),Volatility,Energy,1.0338488215653636,0
Replication (1986–2015),Volatility,Energy,0.6958543383172304,0
Replication (1986–2015),Volatility,Energy,1.1433425315144548,0
Replication (1986–2015),Volatility,Energy,0.9620498882617894,0
Replication (1986–2015),Volatility,Energy,3.4427864243305373,0
Replication (1986–2015),Volatility,Energy,0.8680002480325792,0
Replication (1986–2015),Volatility,Energy,0.8522004061360239,0
Replication (1986–2015),Volatility,Energy,1.3865777871390186,0
Replication (1986–2015),Volatility,Energy,0.9281886540230987,0
Replication (1986–2015),Volatility,Energy,0.8282519823990759,0
Replication (1986–2015),Volatility,Energy,0.777527858290832,0
Replication (1986–2015),Volatility,Energy,0.8932075861017948,0
Replication (1986–2015),Volatility,Energy,1.1280091436763862,0
Replication (1986–2015),Volatility,Energy,2.0169681596236533,0
Replication (1986–2015),Volatility,Energy,1,0
Replication (1986–2015),Volatility,Energy,0.8961122988007176,0
Replication (1986–2015),Volatility,Energy,1.353334504446085,0
Replication (1986–2015),Volatility,Energy,1.4787189990799685,0
Replication (1986–2015),Volatility,Energy,1.0105625497975452,0
Replication (1986–2015),Volatility,Energy,2.373696107070219,0
Replication (1986–2015),Volatility,Energy,1.3085705453268746,0
Replication (1986–2015),Volatility,Energy,2.1870821881910714,0
Replication (1986–2015),Volatility,Energy,1.4551868812496065,0
Replication (1986–2015),Volatility,Energy,1.7190472691990226,0
Replication (1986–2015),Volatility,Energy,0.8027817573597187,0
Replication (1986–2015),Volatility,Energy,1.452911894510369,0
Replication (1986–2015),Volatility,Energy,1.8118302579747878,0
Replication (1986–2015),Volatility,Energy,1.6474220984824803,0
Replication (1986–2015),Volatility,Energy,1.575067711660315,0
Replication (1986–2015),Volatility,Energy,1.4560765289675448,0
Replication (1986–2015),Volatility,Energy,0.9622027426888609,0
Replication (1986–2015),Volatility,Energy,0.7180335544426837,0
Replication (1986–2015),Volatility,Energy,1.8475843776459893,0
Replication (1986–2015),Volatility,Energy,1,0
Replication (1986–2015),Volatility,Energy,1.3107537047054794,0
Replication (1986–2015),Volatility,Energy,0.7651277628169224,0
Replication (1986–2015),Volatility,Energy,1.3061349981332093,0
Replication (1986–2015),Volatility,Agriculture,1.2538852555650972,0
Replication (1986–2015),Volatility,Agriculture,1.01670008735627,0
Replication (1986–2015),Volatility,Agriculture,1.3184103659822108,0
Replication (1986–2015),Volatility,Agriculture,1.5884913978205744,0
Replication (1986–2015),Volatility,Agriculture,1.7053584108785782,0
Replication (1986–2015),Volatility,Agriculture,1.0527669004889908,0
Replication (1986–2015),Volatility,Agriculture,1.808536712417513,0
Replication (1986–2015),Volatility,Agriculture,2.382008428457028,0
Replication (1986–2015),Volatility,Agriculture,1.0350106265500005,0
Replication (1986–2015),Volatility,Agriculture,0.806089505991131,0
Replication (1986–2015),Volatility,Agriculture,1.1094544680116336,0
Replication (1986–2015),Volatility,Agriculture,1.3623517410911046,0
Replication (1986–2015),Volatility,Agriculture,2.0009875826215855,0
Replication (1986–2015),Volatility,Agriculture,1.0153826841909157,0
Replication (1986–2015),Volatility,Agriculture,1.31547949089279,0
Replication (1986–2015),Volatility,Agriculture,1,0
Replication (1986–2015),Volatility,Agriculture,0.8243912991798428,0
Replication (1986–2015),Volatility,Agriculture,0.8655723371429968,0
Replication (1986–2015),Volatility,Energy,1.407076093020455,0
Replication (1986–2015),Volatility,Energy,1.0762733393183255,0
Replication (1986–2015),Volatility,Energy,1.7047480684263785,0
Replication (1986–2015),Volatility,Energy,0.9660879299047829,0
Replication (1986–2015),Volatility,Energy,1.1684844534690593,0
Replication (1986–2015),Volatility,Energy,0.8926482557627788,0
Replication (1986–2015),Volatility,Energy,1.7341326992481778,0
Replication (1986–2015),Volatility,Energy,0.9348903816152012,0
Replication (1986–2015),Volatility,Energy,1.2362000295904263,0
Replication (1986–2015),Volatility,Energy,1.4026077145400653,0
Replication (1986–2015),Volatility,Energy,1.1956663316373615,0
Replication (1986–2015),Volatility,Energy,1.215807023152582,0
Replication (1986–2015),Volatility,Energy,1.565639781557666,0
Replication (1986–2015),Volatility,Energy,1.029131189203528,0
Replication (1986–2015),Volatility,Energy,1.3142682331531093,0
Replication (1986–2015),Volatility,Energy,1.4362047023861368,0
Replication (1986–2015),Volatility,Energy,1,0
Replication (1986–2015),Volatility,Energy,1.5507351809850571,0
Replication (1986–2015),Volatility,Agriculture,1.2905586744037525,0
Replication (1986–2015),Volatility,Agriculture,1.9870880010261553,0
Replication (1986–2015),Volatility,Agriculture,1.601994560736109,0
Replication (1986–2015),Volatility,Agriculture,1.6967037278708745,0
Replication (1986–2015),Volatility,Agriculture,1.3355538469209174,0
Replication (1986–2015),Volatility,Agriculture,1.2973893354416328,0
Replication (1986–2015),Volatility,Agriculture,1.0687595443928757,0
Replication (1986–2015),Volatility,Agriculture,1.4157448234779588,0
Replication (1986–2015),Volatility,Agriculture,1.2968779850526455,0
Replication (1986–2015),Volatility,Agriculture,1.2790280669093597,0
Replication (1986–2015),Volatility,Agriculture,1.2875508002298162,0
Replication (1986–2015),Volatility,Agriculture,1.1799185148011004,0
Replication (1986–2015),Volatility,Agriculture,1.426958955055124,0
Replication (1986–2015),Volatility,Agriculture,1.0728081159983553,0
Replication (1986–2015),Volatility,Agriculture,1.0629219545343123,0
Replication (1986–2015),Volatility,Agriculture,1.4607918228784433,0
Replication (1986–2015),Volatility,Agriculture,1.0448682478953968,0
Replication (1986–2015),Volatility,Agriculture,1,0
Replication (1986–2015),JLN,Energy,1.2914213682032694,1
Replication (1986–2015),JLN,Energy,0.91327562984141,0
Replication (1986–2015),JLN,Energy,1.2614225691580052,0
Replication (1986–2015),JLN,Energy,1.6319892794396598,0
Replication (1986–2015),JLN,Energy,1.0012304863474737,0
Replication (1986–2015),JLN,Energy,2.128759893014585,0
Replication (1986–2015),JLN,Energy,3.1825871864850597,0
Replication (1986–2015),JLN,Energy,2.617728214255232,0
Replication (1986–2015),JLN,Energy,1.0811089672700795,0
Replication (1986–2015),JLN,Energy,1.0925655360292836,0
Replication (1986–2015),JLN,Energy,1.134698424839611,0
Replication (1986–2015),JLN,Energy,1.1320551172328568,0
Replication (1986–2015),JLN,Energy,1.4247110655868247,0
Replication (1986–2015),JLN,Energy,3.0237782826682547,0
Replication (1986–2015),JLN,Energy,1.129654532073768,0
Replication (1986–2015),JLN,Energy,1.5308629467490564,0
Replication (1986–2015),JLN,Energy,1.1057366747861848,0
Replication (1986–2015),JLN,Energy,1.0608083057635456,0
Replication (1986–2015),JLN,Energy,1.3697975780844582,0
Replication (1986–2015),JLN,Energy,1,1
Replication (1986–2015),JLN,Energy,1.2572268368481752,0
Replication (1986–2015),JLN,Energy,1.7560409322393804,0
Replication (1986–2015),JLN,Energy,1.1937490026272846,0
Replication (1986–2015),JLN,Energy,1.9214571029926166,0
Replication (1986–2015),JLN,Energy,3.535744459841153,0
Replication (1986–2015),JLN,Energy,2.5405427405103755,0
Replication (1986–2015),JLN,Energy,1.044822928126805,0
Replication (1986–2015),JLN,Energy,1.0579718334521682,0
Replication (1986–2015),JLN,Energy,1.2435931025997662,0
Replication (1986–2015),JLN,Energy,1.12772319634482,0
Replication (1986–2015),JLN,Energy,1.6234457105194993,0
Replication (1986–2015),JLN,Energy,2.705169836804442,0
Replication (1986–2015),JLN,Energy,1.2083786716122504,0
Replication (1986–2015),JLN,Energy,1.6493107080161689,0
Replication (1986–2015),JLN,Energy,1.1840119208562623,0
Replication (1986–2015),JLN,Energy,0.8890388634226917,0
Replication (1986–2015),JLN,Energy,1.2637710474734463,0
Replication (1986–2015),JLN,Energy,1.2644857027777248,0
Replication (1986–2015),JLN,Energy,1,0
Replication (1986–2015),JLN,Energy,1.5696317033143707,0
Replication (1986–2015),JLN,Energy,0.9857543127672185,0
Replication (1986–2015),JLN,Energy,2.2012888754893885,0
Replication (1986–2015),JLN,Energy,2.485432801517314,0
Replication (1986–2015),JLN,Energy,2.630195129180163,0
Replication (1986–2015),JLN,Energy,1.1505462881299875,0
Replication (1986–2015),JLN,Energy,1.1294999166325173,0
Replication (1986–2015),JLN,Energy,1.1876872038959472,0
Replication (1986–2015),JLN,Energy,1.2070833447504667,0
Replication (1986–2015),JLN,Energy,1.4758125868940162,0
Replication (1986–2015),JLN,Energy,3.3187479287453283,0
Replication (1986–2015),JLN,Energy,1.099039681012571,0
Replication (1986–2015),JLN,Energy,1.4798053649617002,0
Replication (1986–2015),JLN,Energy,1.0657351949437608,0
Replication (1986–2015),JLN,Energy,1.2053028799311234,0
Replication (1986–2015),JLN,Energy,0.9738596833393709,0
Replication (1986–2015),JLN,Energy,1.3137078532632496,0
Replication (1986–2015),JLN,Energy,0.9881817963107666,0
Replication (1986–2015),JLN,Energy,1,0
Replication (1986–2015),JLN,Energy,1.2838911779823716,0
Replication (1986–2015),JLN,Energy,1.946909695998222,0
Replication (1986–2015),JLN,Energy,1.3721373863737165,0
Replication (1986–2015),JLN,Energy,1.845659089391377,0
Replication (1986–2015),JLN,Energy,0.9789868992686976,0
Replication (1986–2015),JLN,Energy,1.0167936611340131,0
Replication (1986–2015),JLN,Energy,1.020495571038211,0
Replication (1986–2015),JLN,Energy,0.8015413881129216,0
Replication (1986–2015),JLN,Energy,0.9131948865094264,0
Replication (1986–2015),JLN,Energy,1.3570072428383229,0
Replication (1986–2015),JLN,Energy,1.0466719848928483,0
Replication (1986–2015),JLN,Energy,0.9308876217586813,0
Replication (1986–2015),JLN,Energy,1.512410579449363,0
Replication (1986–2015),JLN,Energy,1.3523362390119453,0
Replication (1986–2015),JLN,Energy,1.3288133393630408,0
Replication (1986–2015),JLN,Energy,1.2398102822700934,0
Replication (1986–2015),JLN,Energy,1.150234983435314,0
Replication (1986–2015),JLN,Energy,1.7714214521378664,0
Replication (1986–2015),JLN,Energy,1,0
Replication (1986–2015),JLN,Energy,1.2306741634976974,0
Replication (1986–2015),JLN,Energy,2.739622537843185,0
Replication (1986–2015),JLN,Energy,1.2988928780233266,0
Replication (1986–2015),JLN,Energy,1.3912123592365497,0
Replication (1986–2015),JLN,Energy,1.4992006354756704,0
Replication (1986–2015),JLN,Energy,1.6732397340110639,0
Replication (1986–2015),JLN,Energy,1.786610545886563,0
Replication (1986–2015),JLN,Energy,1.4164220246069652,0
Replication (1986–2015),JLN,Energy,1.4017839020518135,0
Replication (1986–2015),JLN,Energy,1.2881210461797832,0
Replication (1986–2015),JLN,Energy,1.1821138926757684,0
Replication (1986–2015),JLN,Energy,1.2803497003822712,0
Replication (1986–2015),JLN,Energy,1.6898138793984787,0
Replication (1986–2015),JLN,Agriculture,0.9267735075026464,0
Replication (1986–2015),JLN,Agriculture,1.0930932107126097,0
Replication (1986–2015),JLN,Agriculture,0.884731896561007,0
Replication (1986–2015),JLN,Agriculture,0.7086272362478575,0
Replication (1986–2015),JLN,Agriculture,0.9806833115809794,0
Replication (1986–2015),JLN,Agriculture,1,0
Replication (1986–2015),JLN,Agriculture,0.9479674911697692,0
Replication (1986–2015),JLN,Agriculture,1.0488570949907705,0
Replication (1986–2015),JLN,Agriculture,1.3396535924307278,0
Replication (1986–2015),JLN,Agriculture,1.7282909831344202,0
Replication (1986–2015),JLN,Agriculture,1.2343724128888536,0
Replication (1986–2015),JLN,Agriculture,1.2998147909293958,0
Replication (1986–2015),JLN,Agriculture,1.6184561995733353,0
Replication (1986–2015),JLN,Agriculture,0.9218068792445976,0
Replication (1986–2015),JLN,Agriculture,1.2603811907890545,0
Replication (1986–2015),JLN,Agriculture,1.584606409788385,0
Replication (1986–2015),JLN,Agriculture,1.728931308821073,0
Replication (1986–2015),JLN,Agriculture,1.779354157824282,0
Replication (1986–2015),JLN,Agriculture,0.736262828465962,0
Replication (1986–2015),JLN,Agriculture,0.5818758530130091,0
Replication (1986–2015),JLN,Agriculture,0.7691547112203128,0
Replication (1986–2015),JLN,Agriculture,0.8354969362132056,0
Replication (1986–2015),JLN,Agriculture,1.0827721881059975,0
Replication (1986–2015),JLN,Agriculture,1.088044155233386,0
Replication (1986–2015),JLN,Agriculture,1,0
Replication (1986–2015),JLN,Agriculture,1.021906445922578,0
Replication (1986–2015),JLN,Agriculture,1.5381824099204449,0
Replication (1986–2015),JLN,Agriculture,1.570364954792857,0
Replication (1986–2015),JLN,Agriculture,1.6951500388514482,0
Replication (1986–2015),JLN,Agriculture,1.6271873181459355,0
Replication (1986–2015),JLN,Agriculture,1.4344665827929124,0
Replication (1986–2015),JLN,Agriculture,0.7730133674876097,0
Replication (1986–2015),JLN,Agriculture,1.0914748618948986,0
Replication (1986–2015),JLN,Agriculture,0.9453609121880551,0
Replication (1986–2015),JLN,Agriculture,1.6548396740740463,0
Replication (1986–2015),JLN,Agriculture,1.7273363104341373,0
Replication (1986–2015),JLN,Agriculture,0.769367916404026,0
Replication (1986–2015),JLN,Agriculture,0.4335104816753091,0
Replication (1986–2015),JLN,Agriculture,1.3045654781726237,0
Replication (1986–2015),JLN,Agriculture,0.9612293405286253,0
Replication (1986–2015),JLN,Agriculture,0.9918034332956708,0
Replication (1986–2015),JLN,Agriculture,1.0743446589281895,0
Replication (1986–2015),JLN,Agriculture,1.6395641770099143,0
Replication (1986–2015),JLN,Agriculture,1,0
Replication (1986–2015),JLN,Agriculture,1.064459627884918,0
Replication (1986–2015),JLN,Agriculture,0.8817569644510337,0
Replication (1986–2015),JLN,Agriculture,1.0159314496963643,0
Replication (1986–2015),JLN,Agriculture,1.2017031152056254,0
Replication (1986–2015),JLN,Agriculture,1.3404361001287661,0
Replication (1986–2015),JLN,Agriculture,0.7055044413028942,0
Replication (1986–2015),JLN,Agriculture,1.0650638554720844,0
Replication (1986–2015),JLN,Agriculture,0.9270647029972341,0
Replication (1986–2015),JLN,Agriculture,1.3198097963539597,0
Replication (1986–2015),JLN,Agriculture,1.9382933276754062,0
Replication (1986–2015),JLN,Industrial,0.7982056427250257,0
Replication (1986–2015),JLN,Industrial,0.6968690655082798,0
Replication (1986–2015),JLN,Industrial,0.9231160081439749,0
Replication (1986–2015),JLN,Industrial,1.8240499896008473,0
Replication (1986–2015),JLN,Industrial,0.8796204949977072,0
Replication (1986–2015),JLN,Industrial,1.4878671659118516,0
Replication (1986–2015),JLN,Industrial,0.7629875822270961,0
Replication (1986–2015),JLN,Industrial,2.190390452685888,0
Replication (1986–2015),JLN,Industrial,1.1500196540030272,-1
Replication (1986–2015),JLN,Industrial,1.3742786654938886,0
Replication (1986–2015),JLN,Industrial,1.4217224426154962,0
Replication (1986–2015),JLN,Industrial,1.3134555676949105,0
Replication (1986–2015),JLN,Industrial,1.1035570648167048,0
Replication (1986–2015),JLN,Industrial,0.8831741291559507,0
Replication (1986–2015),JLN,Industrial,1.1653919644577024,0
Replication (1986–2015),JLN,Industrial,1.1269162948506581,0
Replication (1986–2015),JLN,Industrial,0.5218782018770771,0
Replication (1986–2015),JLN,Industrial,0.7075049628143065,0
Replication (1986–2015),JLN,Industrial,1.1933443174041727,0
Replication (1986–2015),JLN,Industrial,1.2143139015887925,0
Replication (1986–2015),JLN,Industrial,1.1959798937984842,0
Replication (1986–2015),JLN,Industrial,1.6939809793111233,0
Replication (1986–2015),JLN,Industrial,0.7223292827270399,0
Replication (1986–2015),JLN,Industrial,1.330655907958181,0
Replication (1986–2015),JLN,Industrial,0.9613018126943692,0
Replication (1986–2015),JLN,Industrial,1.5272248010316565,0
Replication (1986–2015),JLN,Industrial,1.6250522645388317,0
Replication (1986–2015),JLN,Industrial,1,0
Replication (1986–2015),JLN,Industrial,1.7162418300011608,0
Replication (1986–2015),JLN,Industrial,1.729920224554771,0
Replication (1986–2015),JLN,Industrial,1.4738126725116358,0
Replication (1986–2015),JLN,Industrial,1.4925403246194526,0
Replication (1986–2015),JLN,Industrial,0.940685081301289,0
Replication (1986–2015),JLN,Industrial,1.3538471905093166,0
Replication (1986–2015),JLN,Industrial,1.1565180129132002,0
Replication (1986–2015),JLN,Industrial,1.4945316358955258,0
Replication (1986–2015),JLN,Industrial,0.8165140441898879,0
Replication (1986–2015),JLN,Industrial,0.9609905150085276,0
Replication (1986–2015),JLN,Industrial,0.9707966053736774,0
Replication (1986–2015),JLN,Industrial,1.4577370986409894,0
Replication (1986–2015),JLN,Industrial,0.8415018563403065,0
Replication (1986–2015),JLN,Industrial,1.8309167693906776,0
Replication (1986–2015),JLN,Industrial,0.9195122765159225,0
Replication (1986–2015),JLN,Industrial,2.134138287578225,0
Replication (1986–2015),JLN,Industrial,0.9114739292522919,0
Replication (1986–2015),JLN,Industrial,0.8106375323543952,0
Replication (1986–2015),JLN,Industrial,1,0
Replication (1986–2015),JLN,Industrial,0.7936702136870949,0
Replication (1986–2015),JLN,Industrial,0.8084946310149693,0
Replication (1986–2015),JLN,Industrial,0.7660115539807167,0
Replication (1986–2015),JLN,Industrial,1.0170495525923422,0
Replication (1986–2015),JLN,Industrial,1.6468508872175942,0
Replication (1986–2015),JLN,Industrial,1.1311271831913654,0
Replication (1986–2015),JLN,Industrial,1.5050568189011744,0
Replication (1986–2015),JLN,Industrial,0.7562701538142638,0
Replication (1986–2015),JLN,Industrial,1.2196966991700653,0
Replication (1986–2015),JLN,Industrial,0.8095852954987603,0
Replication (1986–2015),JLN,Industrial,1.7242378472744178,0
Replication (1986–2015),JLN,Industrial,0.8754491042793082,0
Replication (1986–2015),JLN,Industrial,1.5720698752325581,0
Replication (1986–2015),JLN,Industrial,1.0540271581316891,0
Replication (1986–2015),JLN,Industrial,2.4504480746318995,0
Replication (1986–2015),JLN,Industrial,1.322704711593577,0
Replication (1986–2015),JLN,Industrial,1.0255760391903108,0
Replication (1986–2015),JLN,Industrial,1.3114086812639543,0
Replication (1986–2015),JLN,Industrial,1,0
Replication (1986–2015),JLN,Industrial,1.0313111839767803,0
Replication (1986–2015),JLN,Industrial,1.4940026694139572,0
Replication (1986–2015),JLN,Industrial,1.5325939854808706,0
Replication (1986–2015),JLN,Industrial,0.8260371338011352,0
Replication (1986–2015),JLN,Industrial,1.2355663008954174,0
Replication (1986–2015),JLN,Industrial,0.6428958147910386,0
Replication (1986–2015),JLN,Energy,0.9893446570308496,0
Replication (1986–2015),JLN,Energy,1.1438571284329315,0
Replication (1986–2015),JLN,Energy,1.538127396506017,0
Replication (1986–2015),JLN,Energy,1.3883191001332582,0
Replication (1986–2015),JLN,Energy,0.8622921194453004,0
Replication (1986–2015),JLN,Energy,1.1219283803615658,0
Replication (1986–2015),JLN,Energy,1.4022812831057079,0
Replication (1986–2015),JLN,Energy,1.9801863624105758,0
Replication (1986–2015),JLN,Energy,0.9712606714436068,0
Replication (1986–2015),JLN,Energy,0.997144031349254,0
Replication (1986–2015),JLN,Energy,0.8787754945087618,0
Replication (1986–2015),JLN,Energy,1.203103788646414,0
Replication (1986–2015),JLN,Energy,1,0
Replication (1986–2015),JLN,Energy,0.984125561657393,0
Replication (1986–2015),JLN,Energy,1.4875045620979745,0
Replication (1986–2015),JLN,Energy,1.598896983336395,0
Replication (1986–2015),JLN,Energy,1.2460687505223087,0
Replication (1986–2015),JLN,Energy,1.7342496807092218,0
Replication (1986–2015),JLN,Energy,0.8971470115830723,0
Replication (1986–2015),JLN,Energy,1.3469910810728702,0
Replication (1986–2015),JLN,Energy,0.9273040137605474,0
Replication (1986–2015),JLN,Energy,1.3867557575807723,0
Replication (1986–2015),JLN,Energy,1.2784263918777388,0
Replication (1986–2015),JLN,Energy,1.4418748038081877,0
Replication (1986–2015),JLN,Energy,1.9875888364560885,0
Replication (1986–2015),JLN,Energy,0.7731513614292336,0
Replication (1986–2015),JLN,Energy,1.662230513882991,0
Replication (1986–2015),JLN,Energy,1.8554558461325237,0
Replication (1986–2015),JLN,Energy,1.7624436961874523,0
Replication (1986–2015),JLN,Energy,1.6129214371504117,0
Replication (1986–2015),JLN,Energy,1.3163839509893827,0
Replication (1986–2015),JLN,Energy,1,0
Replication (1986–2015),JLN,Energy,1.4542297303028102,0
Replication (1986–2015),JLN,Energy,1.2747173976367292,0
Replication (1986–2015),JLN,Energy,0.970439563880824,0
Replication (1986–2015),JLN,Energy,0.9053023919600844,0
Replication (1986–2015),JLN,Energy,1.032307575587593,0
Replication (1986–2015),JLN,Energy,1.1422109514657863,0
Replication (1986–2015),JLN,Energy,1.3998435472823199,0
Replication (1986–2015),JLN,Energy,1.5294626105604965,0
Replication (1986–2015),JLN,Energy,1.4944461311966966,0
Replication (1986–2015),JLN,Energy,1.417036567237731,0
Replication (1986–2015),JLN,Energy,1.2490800473381392,0
Replication (1986–2015),JLN,Energy,1.7683371847835039,0
Replication (1986–2015),JLN,Energy,0.907818305555868,0
Replication (1986–2015),JLN,Energy,1.053984433888521,0
Replication (1986–2015),JLN,Energy,0.7838556232160773,0
Replication (1986–2015),JLN,Energy,1.053390024465592,0
Replication (1986–2015),JLN,Energy,0.9948332589945457,0
Replication (1986–2015),JLN,Energy,1.5051399914839623,0
Replication (1986–2015),JLN,Energy,1,0
Replication (1986–2015),JLN,Energy,1.5462848592902876,0
Replication (1986–2015),JLN,Energy,1.8437098975572146,0
Replication (1986–2015),JLN,Energy,1.6240994860213647,0
Replication (1986–2015),JLN,Agriculture,0.9529182553687464,0
Replication (1986–2015),JLN,Agriculture,1.0900450621333633,0
Replication (1986–2015),JLN,Agriculture,0.9774551695506554,0
Replication (1986–2015),JLN,Agriculture,0.8859236174526309,0
Replication (1986–2015),JLN,Agriculture,1.638749489646239,0
Replication (1986–2015),JLN,Agriculture,1.1139810911726735,0
Replication (1986–2015),JLN,Agriculture,2.012748690902611,0
Replication (1986–2015),JLN,Agriculture,1.6975189522254213,0
Replication (1986–2015),JLN,Agriculture,1.1167347872538715,0
Replication (1986–2015),JLN,Agriculture,0.6613013608719692,0
Replication (1986–2015),JLN,Agriculture,0.9613600913177534,0
Replication (1986–2015),JLN,Agriculture,0.9150141610396094,0
Replication (1986–2015),JLN,Agriculture,1.0129635588949235,0
Replication (1986–2015),JLN,Agriculture,1.5159120587911794,0
Replication (1986–2015),JLN,Agriculture,1.7052844434639045,0
Replication (1986–2015),JLN,Agriculture,1,0
Replication (1986–2015),JLN,Agriculture,1.0265256269051446,0
Replication (1986–2015),JLN,Agriculture,1.0923628810169412,0
Replication (1986–2015),JLN,Energy,1.2788987223125377,0
Replication (1986–2015),JLN,Energy,1.0283664008450923,0
Replication (1986–2015),JLN,Energy,1.183962139183148,0
Replication (1986–2015),JLN,Energy,1.3671578373975288,0
Replication (1986–2015),JLN,Energy,1.2201669175088588,0
Replication (1986–2015),JLN,Energy,1.3664127531936647,0
Replication (1986–2015),JLN,Energy,1.3466720154623844,0
Replication (1986–2015),JLN,Energy,1.4260254788144011,0
Replication (1986–2015),JLN,Energy,0.8703266953746905,0
Replication (1986–2015),JLN,Energy,0.6590920869570595,0
Replication (1986–2015),JLN,Energy,1.1315219964510554,0
Replication (1986–2015),JLN,Energy,0.9319243596724545,0
Replication (1986–2015),JLN,Energy,1.4468822268475476,0
Replication (1986–2015),JLN,Energy,1.204697062180826,0
Replication (1986–2015),JLN,Energy,1.2981161741882374,0
Replication (1986–2015),JLN,Energy,1.3891149890249188,0
Replication (1986–2015),JLN,Energy,1,0
Replication (1986–2015),JLN,Energy,1.3032346395900207,0
Replication (1986–2015),JLN,Agriculture,1.452367873980642,0
Replication (1986–2015),JLN,Agriculture,2.175332066071974,0
Replication (1986–2015),JLN,Agriculture,1.3357092800473838,0
Replication (1986–2015),JLN,Agriculture,0.9717825445493434,0
Replication (1986–2015),JLN,Agriculture,1.3903788459804556,0
Replication (1986–2015),JLN,Agriculture,0.972578914097669,0
Replication (1986–2015),JLN,Agriculture,0.9576817359802013,0
Replication (1986–2015),JLN,Agriculture,1.2576862982125472,0
Replication (1986–2015),JLN,Agriculture,1.3218946207837114,0
Replication (1986–2015),JLN,Agriculture,1.1398426142397717,0
Replication (1986–2015),JLN,Agriculture,1.0351771881431509,0
Replication (1986–2015),JLN,Agriculture,1.0669167209231458,0
Replication (1986–2015),JLN,Agriculture,1.3736697484128637,0
Replication (1986–2015),JLN,Agriculture,0.954497891917111,0
Replication (1986–2015),JLN,Agriculture,1.7228590608549212,0
Replication (1986–2015),JLN,Agriculture,1.8510547547341891,0
Replication (1986–2015),JLN,Agriculture,0.7210020918760328,0
Replication (1986–2015),JLN,Agriculture,1,0
Extension (1986–2025),Volatility,Energy,1.0274048286956043,0
Extension (1986–2025),Volatility,Energy,0.7154777822279891,0
Extension (1986–2025),Volatility,Energy,0.8260672430037624,0
Extension (1986–2025),Volatility,Energy,1.412889205050769,0
Extension (1986–2025),Volatility,Energy,1.0158336313424094,0
Extension (1986–2025),Volatility,Energy,1.3830328854907508,0
Extension (1986–2025),Volatility,Energy,1.9773962364784514,0
Extension (1986–2025),Volatility,Energy,1.601414250142298,0
Extension (1986–2025),Volatility,Energy,1.6833777549199855,0
Extension (1986–2025),Volatility,Energy,1.4387193085853753,0
Extension (1986–2025),Volatility,Energy,1.8787679910711106,0
Extension (1986–2025),Volatility,Energy,1.8541172191803192,0
Extension (1986–2025),Volatility,Energy,1.583443793986092,0
Extension (1986–2025),Volatility,Energy,0.7840890521773941,0
Extension (1986–2025),Volatility,Energy,0.8750592174157343,0
Extension (1986–2025),Volatility,Energy,0.827045432485117,0
Extension (1986–2025),Volatility,Energy,0.79123774842564365,0
Extension (1986–2025),Volatility,Energy,1.114940827102454,0
Extension (1986–2025),Volatility,Energy,1.0711288874798863,0
Extension (1986–2025),Volatility,Energy,1,0
Extension (1986–2025),Volatility,Energy,0.839325747266749,0
Extension (1986–2025),Volatility,Energy,1.478673501361518,0
Extension (1986–2025),Volatility,Energy,0.9659047181077635,0
Extension (1986–2025),Volatility,Energy,1.3369196786311455,0
Extension (1986–2025),Volatility,Energy,1.9833277845733006,0
Extension (1986–2025),Volatility,Energy,1.3982341544288572,0
Extension (1986–2025),Volatility,Energy,1.7153878702580603,0
Extension (1986–2025),Volatility,Energy,1.4838234239656851,0
Extension (1986–2025),Volatility,Energy,1.9343180596249145,0
Extension (1986–2025),Volatility,Energy,1.865338241072796,0
Extension (1986–2025),Volatility,Energy,1.9422536676853828,0
Extension (1986–2025),Volatility,Energy,0.878889377944128,0
Extension (1986–2025),Volatility,Energy,1.029409930724915,0
Extension (1986–2025),Volatility,Energy,0.9258128244278793,0
Extension (1986–2025),Volatility,Energy,0.8130512587579312,0
Extension (1986–2025),Volatility,Energy,1.0291813275290638,0
Extension (1986–2025),Volatility,Energy,0.9940435404676425,0
Extension (1986–2025),Volatility,Energy,0.7097694855052517,0
Extension (1986–2025),Volatility,Energy,1,0
Extension (1986–2025),Volatility,Energy,1.574625838757168,0
Extension (1986–2025),Volatility,Energy,1.024668245765596,0
Extension (1986–2025),Volatility,Energy,1.4303599177720623,0
Extension (1986–2025),Volatility,Energy,1.2586008984624855,0
Extension (1986–2025),Volatility,Energy,1.5731190757027531,0
Extension (1986–2025),Volatility,Energy,1.5953380235383618,0
Extension (1986–2025),Volatility,Energy,1.3799097535305174,0
Extension (1986–2025),Volatility,Energy,1.7416770030409905,0
Extension (1986–2025),Volatility,Energy,1.730350694093136,0
Extension (1986–2025),Volatility,Energy,1.252274916549942,0
Extension (1986–2025),Volatility,Energy,0.8942543048347811,0
Extension (1986–2025),Volatility,Energy,0.8569320545784856,0
Extension (1986–2025),Volatility,Energy,0.9106773633666837,0
Extension (1986–2025),Volatility,Energy,0.853877927914116,0
Extension (1986–2025),Volatility,Energy,1.1429330690592387,0
Extension (1986–2025),Volatility,Energy,1.1594998847107814,0
Extension (1986–2025),Volatility,Energy,0.7982034038423225,0
Extension (1986–2025),Volatility,Energy,1.6818187279335193,0
Extension (1986–2025),Volatility,Energy,1,0
Extension (1986–2025),Volatility,Energy,1.1205926775134138,0
Extension (1986–2025),Volatility,Energy,1.5029534245322629,0
Extension (1986–2025),Volatility,Energy,1.199996755408458,0
Extension (1986–2025),Volatility,Energy,0.7274482547984514,0
Extension (1986–2025),Volatility,Energy,0.7274491544906053,0
Extension (1986–2025),Volatility,Energy,0.5845981302274551,0
Extension (1986–2025),Volatility,Energy,0.6045408862188599,0
Extension (1986–2025),Volatility,Energy,0.7230649446293064,0
Extension (1986–2025),Volatility,Energy,1.677298940127423,0
Extension (1986–2025),Volatility,Energy,1.2944952958500642,0
Extension (1986–2025),Volatility,Energy,1.1079522639246406,0
Extension (1986–2025),Volatility,Energy,0.5993863100897155,0
Extension (1986–2025),Volatility,Energy,1.7266782416329551,0
Extension (1986–2025),Volatility,Energy,0.7855133104891734,0
Extension (1986–2025),Volatility,Energy,1.1035817278666773,0
Extension (1986–2025),Volatility,Energy,1.281643137218168,0
Extension (1986–2025),Volatility,Energy,1.2961746619306305,0
Extension (1986–2025),Volatility,Energy,0.9396818973003402,0
Extension (1986–2025),Volatility,Energy,1,0
Extension (1986–2025),Volatility,Energy,0.5853943159616372,0
Extension (1986–2025),Volatility,Energy,1.3542164432042272,0
Extension (1986–2025),Volatility,Energy,0.8634057301591433,0
Extension (1986–2025),Volatility,Energy,1.3417808475561717,0
Extension (1986–2025),Volatility,Energy,1.3802009495264396,0
Extension (1986–2025),Volatility,Energy,1.0423152924694563,0
Extension (1986–2025),Volatility,Energy,1.9929783152070382,0
Extension (1986–2025),Volatility,Energy,1.0893298279846582,0
Extension (1986–2025),Volatility,Energy,0.9534531392165065,0
Extension (1986–2025),Volatility,Energy,0.8768813188414561,0
Extension (1986–2025),Volatility,Energy,0.6418726600187354,0
Extension (1986–2025),Volatility,Energy,1.4319722194289874,0
Extension (1986–2025),Volatility,Energy,0.6371379690966659,0
Extension (1986–2025),Volatility,Agriculture,0.8000923247531625,0
Extension (1986–2025),Volatility,Agriculture,0.9359624171579233,0
Extension (1986–2025),Volatility,Agriculture,0.5136919056851434,0
Extension (1986–2025),Volatility,Agriculture,0.4672871881026221,0
Extension (1986–2025),Volatility,Agriculture,1.0254541910159838,0
Extension (1986–2025),Volatility,Agriculture,1,0
Extension (1986–2025),Volatility,Agriculture,0.3789105484818786,0
Extension (1986–2025),Volatility,Agriculture,0.7895083718676255,0
Extension (1986–2025),Volatility,Agriculture,1.6883468834530417,0
Extension (1986–2025),Volatility,Agriculture,1.5771606190683438,0
Extension (1986–2025),Volatility,Agriculture,1.669841504393377,0
Extension (1986–2025),Volatility,Agriculture,1.9137080527397938,0
Extension (1986–2025),Volatility,Agriculture,0.6054063022368951,0
Extension (1986–2025),Volatility,Agriculture,0.8447056905578126,0
Extension (1986–2025),Volatility,Agriculture,1.2263352250242285,0
Extension (1986–2025),Volatility,Agriculture,1.045051497913943,0
Extension (1986–2025),Volatility,Agriculture,1.0814692566619701,0
Extension (1986–2025),Volatility,Agriculture,1.633922123824927,0
Extension (1986–2025),Volatility,Agriculture,1.0951261545622588,0
Extension (1986–2025),Volatility,Agriculture,0.8575340611726459,0
Extension (1986–2025),Volatility,Agriculture,0.6880077662697134,0
Extension (1986–2025),Volatility,Agriculture,0.7612366711467338,0
Extension (1986–2025),Volatility,Agriculture,0.8414687255542382,0
Extension (1986–2025),Volatility,Agriculture,0.3543920906679598,0
Extension (1986–2025),Volatility,Agriculture,1,0
Extension (1986–2025),Volatility,Agriculture,1.0538368377641534,0
Extension (1986–2025),Volatility,Agriculture,1.4422229168483152,0
Extension (1986–2025),Volatility,Agriculture,1.505722740422394,0
Extension (1986–2025),Volatility,Agriculture,1.411721423177657,0
Extension (1986–2025),Volatility,Agriculture,0.941539118424799,0
Extension (1986–2025),Volatility,Agriculture,0.6106563925631716,0
Extension (1986–2025),Volatility,Agriculture,0.45808305197147614,0
Extension (1986–2025),Volatility,Agriculture,0.8314622557944478,0
Extension (1986–2025),Volatility,Agriculture,1.318219998115641,0
Extension (1986–2025),Volatility,Agriculture,1.0526560274029695,0
Extension (1986–2025),Volatility,Agriculture,1.7112094854098625,0
Extension (1986–2025),Volatility,Agriculture,1.2447726659420308,0
Extension (1986–2025),Volatility,Agriculture,1.062828657260872,0
Extension (1986–2025),Volatility,Agriculture,0.8380223999997709,0
Extension (1986–2025),Volatility,Agriculture,0.43032195061310907,0
Extension (1986–2025),Volatility,Agriculture,1.1954306567971371,0
Extension (1986–2025),Volatility,Agriculture,0.8536242395870607,0
Extension (1986–2025),Volatility,Agriculture,1.1227331224855395,0
Extension (1986–2025),Volatility,Agriculture,1,0
Extension (1986–2025),Volatility,Agriculture,0.9455169576908267,0
Extension (1986–2025),Volatility,Agriculture,0.9061210023769821,0
Extension (1986–2025),Volatility,Agriculture,0.8896130631510306,0
Extension (1986–2025),Volatility,Agriculture,0.8464123119858339,0
Extension (1986–2025),Volatility,Agriculture,0.66248953026805,0
Extension (1986–2025),Volatility,Agriculture,1.1582826719279242,0
Extension (1986–2025),Volatility,Agriculture,0.8952701194973053,0
Extension (1986–2025),Volatility,Agriculture,1.2566424695710388,0
Extension (1986–2025),Volatility,Agriculture,0.9359379649585203,0
Extension (1986–2025),Volatility,Agriculture,1.814177978119438,0
Extension (1986–2025),Volatility,Industrial,1.0486469041559374,0
Extension (1986–2025),Volatility,Industrial,1.2287308953894018,0
Extension (1986–2025),Volatility,Industrial,0.9233761781974544,0
Extension (1986–2025),Volatility,Industrial,0.8078266499867388,0
Extension (1986–2025),Volatility,Industrial,1.0810012578557315,0
Extension (1986–2025),Volatility,Industrial,1.4641503304434826,0
Extension (1986–2025),Volatility,Industrial,0.823235591302128,0
Extension (1986–2025),Volatility,Industrial,1.6090942180660568,0
Extension (1986–2025),Volatility,Industrial,1,0
Extension (1986–2025),Volatility,Industrial,0.725393707584772,0
Extension (1986–2025),Volatility,Industrial,0.8116941428325668,0
Extension (1986–2025),Volatility,Industrial,0.8747515902192297,0
Extension (1986–2025),Volatility,Industrial,1.4587247638972791,0
Extension (1986–2025),Volatility,Industrial,0.9951135244621993,0
Extension (1986–2025),Volatility,Industrial,0.9500948777005577,0
Extension (1986–2025),Volatility,Industrial,1.0420015988757407,0
Extension (1986–2025),Volatility,Industrial,1.1325666862566846,0
Extension (1986–2025),Volatility,Industrial,1.1195887536556535,0
Extension (1986–2025),Volatility,Industrial,0.9378771315148886,0
Extension (1986–2025),Volatility,Industrial,0.8988740669223325,0
Extension (1986–2025),Volatility,Industrial,0.9535825930563405,0
Extension (1986–2025),Volatility,Industrial,1.4767401944335226,0
Extension (1986–2025),Volatility,Industrial,1.0588147889128823,0
Extension (1986–2025),Volatility,Industrial,0.8088868346648435,0
Extension (1986–2025),Volatility,Industrial,1.1356051019771283,0
Extension (1986–2025),Volatility,Industrial,1.4595868043099518,0
Extension (1986–2025),Volatility,Industrial,1.1859510994286966,0
Extension (1986–2025),Volatility,Industrial,1,0
Extension (1986–2025),Volatility,Industrial,1.6615925624885775,0
Extension (1986–2025),Volatility,Industrial,0.8776161688444911,0
Extension (1986–2025),Volatility,Industrial,0.7494660968682137,0
Extension (1986–2025),Volatility,Industrial,1.1909270039253168,0
Extension (1986–2025),Volatility,Industrial,0.9026051006633483,0
Extension (1986–2025),Volatility,Industrial,0.8868491775151583,0
Extension (1986–2025),Volatility,Industrial,0.9503889831786767,0
Extension (1986–2025),Volatility,Industrial,1.0390527541435741,0
Extension (1986–2025),Volatility,Industrial,1.1122921153441012,0
Extension (1986–2025),Volatility,Industrial,1.4079080578379934,0
Extension (1986–2025),Volatility,Industrial,0.8789637625203738,0
Extension (1986–2025),Volatility,Industrial,0.8447965401442377,0
Extension (1986–2025),Volatility,Industrial,1.0053529316730694,0
Extension (1986–2025),Volatility,Industrial,1.3049798048856112,0
Extension (1986–2025),Volatility,Industrial,0.6629798142599964,0
Extension (1986–2025),Volatility,Industrial,0.7741063522613534,0
Extension (1986–2025),Volatility,Industrial,1.0343508294732753,0
Extension (1986–2025),Volatility,Industrial,0.966968142298751,0
Extension (1986–2025),Volatility,Industrial,1,0
Extension (1986–2025),Volatility,Industrial,1.1967349561148213,0
Extension (1986–2025),Volatility,Industrial,1.1181744328026038,0
Extension (1986–2025),Volatility,Industrial,0.5947601000986449,0
Extension (1986–2025),Volatility,Industrial,0.9756811338524022,0
Extension (1986–2025),Volatility,Industrial,0.939980876076414,0
Extension (1986–2025),Volatility,Industrial,1.055895645087978,0
Extension (1986–2025),Volatility,Industrial,0.86217323766095455,0
Extension (1986–2025),Volatility,Industrial,1.1178678275588707,0
Extension (1986–2025),Volatility,Industrial,0.7590782659944085,0
Extension (1986–2025),Volatility,Industrial,1.1091975732480013,0
Extension (1986–2025),Volatility,Industrial,1.1628161549049454,0
Extension (1986–2025),Volatility,Industrial,0.8399375106161511,0
Extension (1986–2025),Volatility,Industrial,0.6960649484091131,0
Extension (1986–2025),Volatility,Industrial,0.4485063930596357,0
Extension (1986–2025),Volatility,Industrial,1.0028789622147811,0
Extension (1986–2025),Volatility,Industrial,0.9703423681547305,0
Extension (1986–2025),Volatility,Industrial,0.961498242567308,0
Extension (1986–2025),Volatility,Industrial,1.4066630216495308,0
Extension (1986–2025),Volatility,Industrial,1,0
Extension (1986–2025),Volatility,Industrial,0.812824631329194,0
Extension (1986–2025),Volatility,Industrial,1.079696459211115,0
Extension (1986–2025),Volatility,Industrial,0.8645641280510443,0
Extension (1986–2025),Volatility,Industrial,1.2730655330562919,0
Extension (1986–2025),Volatility,Industrial,1.7763363930883986,0
Extension (1986–2025),Volatility,Industrial,1.1369811738086326,0
Extension (1986–2025),Volatility,Energy,1.3282580424676578,0
Extension (1986–2025),Volatility,Energy,1.2428389982981547,0
Extension (1986–2025),Volatility,Energy,1.2375290083742516,0
Extension (1986–2025),Volatility,Energy,1.0890644556551108,0
Extension (1986–2025),Volatility,Energy,0.6559352423873475,0
Extension (1986–2025),Volatility,Energy,1.0317180422392367,0
Extension (1986–2025),Volatility,Energy,1.4831877843823122,0
Extension (1986–2025),Volatility,Energy,1.5934787583849788,0
Extension (1986–2025),Volatility,Energy,1.2433835844029353,0
Extension (1986–2025),Volatility,Energy,1.0610565315335987,0
Extension (1986–2025),Volatility,Energy,1.696305378296236,0
Extension (1986–2025),Volatility,Energy,1.0921594665532848,0
Extension (1986–2025),Volatility,Energy,1,0
Extension (1986–2025),Volatility,Energy,1.2104348683345427,0
Extension (1986–2025),Volatility,Energy,0.8823583115114556,0
Extension (1986–2025),Volatility,Energy,1.2338164809615464,0
Extension (1986–2025),Volatility,Energy,1.546310192746601,0
Extension (1986–2025),Volatility,Energy,1.009275371689174,0
Extension (1986–2025),Volatility,Energy,0.824419501875561,0
Extension (1986–2025),Volatility,Energy,1.2544135859966572,0
Extension (1986–2025),Volatility,Energy,1.1320314487941932,0
Extension (1986–2025),Volatility,Energy,2.0849704553954527,0
Extension (1986–2025),Volatility,Energy,1.372763258990385,0
Extension (1986–2025),Volatility,Energy,1.354267304423563,0
Extension (1986–2025),Volatility,Energy,1.2226444172736861,0
Extension (1986–2025),Volatility,Energy,1.1968664846703254,0
Extension (1986–2025),Volatility,Energy,2.0372105345376705,0
Extension (1986–2025),Volatility,Energy,1.325349403062306,0
Extension (1986–2025),Volatility,Energy,1.331389678034034,0
Extension (1986–2025),Volatility,Energy,2.058737764055886,0
Extension (1986–2025),Volatility,Energy,1.4843531908351166,0
Extension (1986–2025),Volatility,Energy,1,0
Extension (1986–2025),Volatility,Energy,1.342711959450722,0
Extension (1986–2025),Volatility,Energy,1.8883439755237594,0
Extension (1986–2025),Volatility,Energy,1.0131204844930097,0
Extension (1986–2025),Volatility,Energy,1.1255481460421866,0
Extension (1986–2025),Volatility,Energy,1.1615938567729378,0
Extension (1986–2025),Volatility,Energy,1.7577297249678059,0
Extension (1986–2025),Volatility,Energy,0.8748974926426748,0
Extension (1986–2025),Volatility,Energy,0.9260805872257363,0
Extension (1986–2025),Volatility,Energy,1.0262388196106491,0
Extension (1986–2025),Volatility,Energy,1.1609721932929686,0
Extension (1986–2025),Volatility,Energy,1.0814086050937541,0
Extension (1986–2025),Volatility,Energy,1.6646636880837804,0
Extension (1986–2025),Volatility,Energy,0.8521194140207125,0
Extension (1986–2025),Volatility,Energy,0.9067954273785209,0
Extension (1986–2025),Volatility,Energy,0.8467701833065536,0
Extension (1986–2025),Volatility,Energy,0.7530994779181708,0
Extension (1986–2025),Volatility,Energy,1.188967932911187,0
Extension (1986–2025),Volatility,Energy,1.412536496846172,0
Extension (1986–2025),Volatility,Energy,1,0
Extension (1986–2025),Volatility,Energy,1.457920949817429,0
Extension (1986–2025),Volatility,Energy,1.082038346952926,0
Extension (1986–2025),Volatility,Energy,1.0124797179269243,0
Extension (1986–2025),Volatility,Agriculture,0.721363317027538,0
Extension (1986–2025),Volatility,Agriculture,0.920937630188683,0
Extension (1986–2025),Volatility,Agriculture,0.7007560127445638,0
Extension (1986–2025),Volatility,Agriculture,1.2318610645510364,0
Extension (1986–2025),Volatility,Agriculture,0.9126440667855708,0
Extension (1986–2025),Volatility,Agriculture,2.7381656734534907,0
Extension (1986–2025),Volatility,Agriculture,1.0141381656640571,0
Extension (1986–2025),Volatility,Agriculture,0.8489586077113707,0
Extension (1986–2025),Volatility,Agriculture,0.9221356397262604,0
Extension (1986–2025),Volatility,Agriculture,0.9509594996164519,0
Extension (1986–2025),Volatility,Agriculture,0.9547005606616933,0
Extension (1986–2025),Volatility,Agriculture,1.021565662534322,0
Extension (1986–2025),Volatility,Agriculture,0.6620606315435429,0
Extension (1986–2025),Volatility,Agriculture,1.3231235115338618,0
Extension (1986–2025),Volatility,Agriculture,0.9801790444229008,0
Extension (1986–2025),Volatility,Agriculture,1,0
Extension (1986–2025),Volatility,Agriculture,0.969772777247073,0
Extension (1986–2025),Volatility,Agriculture,0.9946558873802708,0
Extension (1986–2025),Volatility,Energy,0.7907765128586765,0
Extension (1986–2025),Volatility,Energy,0.9385355664199647,0
Extension (1986–2025),Volatility,Energy,1.0897040938430609,0
Extension (1986–2025),Volatility,Energy,1.3533118688272168,0
Extension (1986–2025),Volatility,Energy,0.8451338158352221,0
Extension (1986–2025),Volatility,Energy,0.6507932668457631,0
Extension (1986–2025),Volatility,Energy,1.8646449510404886,0
Extension (1986–2025),Volatility,Energy,1.2751938386207022,0
Extension (1986–2025),Volatility,Energy,0.977710626597205,0
Extension (1986–2025),Volatility,Energy,1.001335598001143,0
Extension (1986–2025),Volatility,Energy,1.035550686730434,0
Extension (1986–2025),Volatility,Energy,0.8261838046504523,0
Extension (1986–2025),Volatility,Energy,1.0673251851027854,0
Extension (1986–2025),Volatility,Energy,1.0110696997460513,0
Extension (1986–2025),Volatility,Energy,1.0722996336247936,0
Extension (1986–2025),Volatility,Energy,1.3883051440176768,0
Extension (1986–2025),Volatility,Energy,1,0
Extension (1986–2025),Volatility,Energy,0.8727999191818706,0
Extension (1986–2025),Volatility,Agriculture,0.6564468402933676,0
Extension (1986–2025),Volatility,Agriculture,0.870413182169651,0
Extension (1986–2025),Volatility,Agriculture,0.6466877823467715,0
Extension (1986–2025),Volatility,Agriculture,1.197490655564422,0
Extension (1986–2025),Volatility,Agriculture,1.0745542011133706,0
Extension (1986–2025),Volatility,Agriculture,1.5304646600824194,0
Extension (1986–2025),Volatility,Agriculture,1.1662520776340417,0
Extension (1986–2025),Volatility,Agriculture,1.3227844210322683,0
Extension (1986–2025),Volatility,Agriculture,0.990672289018355,0
Extension (1986–2025),Volatility,Agriculture,1.1929511090494365,0
Extension (1986–2025),Volatility,Agriculture,0.9470287126460666,0
Extension (1986–2025),Volatility,Agriculture,0.8777024386303037,0
Extension (1986–2025),Volatility,Agriculture,0.5119631580530497,0
Extension (1986–2025),Volatility,Agriculture,0.7671474911954257,0
Extension (1986–2025),Volatility,Agriculture,0.9416560882645946,0
Extension (1986–2025),Volatility,Agriculture,1.2639518359960984,0
Extension (1986–2025),Volatility,Agriculture,0.4273119413767645,0
Extension (1986–2025),Volatility,Agriculture,1,0
Extension (1986–2025),JLN,Energy,34.12605864210465,-1
Extension (1986–2025),JLN,Energy,67.51935656811779,0
Extension (1986–2025),JLN,Energy,38.18205576239135,0
Extension (1986–2025),JLN,Energy,68.7134747867752,0
Extension (1986–2025),JLN,Energy,31.497974197239703,0
Extension (1986–2025),JLN,Energy,34.74051000077769,0
Extension (1986–2025),JLN,Energy,156.94011412264754,0
Extension (1986–2025),JLN,Energy,373.4369477346758,0
Extension (1986–2025),JLN,Energy,122.21261260490866,0
Extension (1986–2025),JLN,Energy,127.32659056921624,0
Extension (1986–2025),JLN,Energy,113.42088921654168,0
Extension (1986–2025),JLN,Energy,89.42219599409296,0
Extension (1986–2025),JLN,Energy,108.59131037171495,0
Extension (1986–2025),JLN,Energy,81.59608106289852,0
Extension (1986–2025),JLN,Energy,107.53504475835112,0
Extension (1986–2025),JLN,Energy,186.77514690075063,0
Extension (1986–2025),JLN,Energy,73.27272891619197,0
Extension (1986–2025),JLN,Energy,132.35315421645785,0
Extension (1986–2025),JLN,Energy,33.910200841942014,0
Extension (1986–2025),JLN,Energy,25.8472377439153,-1
Extension (1986–2025),JLN,Energy,34.214158608240865,0
Extension (1986–2025),JLN,Energy,49.568345427402015,0
Extension (1986–2025),JLN,Energy,36.496185265793926,0
Extension (1986–2025),JLN,Energy,31.652156111627274,0
Extension (1986–2025),JLN,Energy,155.34071155827846,0
Extension (1986–2025),JLN,Energy,316.15400347668833,0
Extension (1986–2025),JLN,Energy,88.39768535652681,0
Extension (1986–2025),JLN,Energy,91.029816367398,0
Extension (1986–2025),JLN,Energy,85.43984137382405,0
Extension (1986–2025),JLN,Energy,65.72818341539657,0
Extension (1986–2025),JLN,Energy,107.08462549087481,0
Extension (1986–2025),JLN,Energy,84.69149964927409,0
Extension (1986–2025),JLN,Energy,119.19524312727634,0
Extension (1986–2025),JLN,Energy,222.76772280586243,0
Extension (1986–2025),JLN,Energy,86.75926201170266,0
Extension (1986–2025),JLN,Energy,115.06353798727869,0
Extension (1986–2025),JLN,Energy,38.68344500341348,0
Extension (1986–2025),JLN,Energy,76.92806899280838,0
Extension (1986–2025),JLN,Energy,29.183984848385233,-1
Extension (1986–2025),JLN,Energy,72.62897693764225,0
Extension (1986–2025),JLN,Energy,26.581384868079713,0
Extension (1986–2025),JLN,Energy,35.53766838493184,0
Extension (1986–2025),JLN,Energy,147.93737908221533,0
Extension (1986–2025),JLN,Energy,392.7390874589423,0
Extension (1986–2025),JLN,Energy,105.49149112252856,0
Extension (1986–2025),JLN,Energy,113.95384352160717,0
Extension (1986–2025),JLN,Energy,96.31905212269596,0
Extension (1986–2025),JLN,Energy,73.39376477230101,0
Extension (1986–2025),JLN,Energy,87.25550791759711,0
Extension (1986–2025),JLN,Energy,47.2892722932166,0
Extension (1986–2025),JLN,Energy,83.22217537714951,0
Extension (1986–2025),JLN,Energy,167.93883577547018,0
Extension (1986–2025),JLN,Energy,56.078028855298854,0
Extension (1986–2025),JLN,Energy,134.05291512746467,0
Extension (1986–2025),JLN,Energy,40.5315280288674,0
Extension (1986–2025),JLN,Energy,59.06571190960977,0
Extension (1986–2025),JLN,Energy,51.99224384236937,0
Extension (1986–2025),JLN,Energy,5.254055738030243,-1
Extension (1986–2025),JLN,Energy,30.28275205252041,0
Extension (1986–2025),JLN,Energy,47.62258141033036,0
Extension (1986–2025),JLN,Energy,80.63720493728923,0
Extension (1986–2025),JLN,Energy,59.141157072201544,0
Extension (1986–2025),JLN,Energy,117.68676379406662,0
Extension (1986–2025),JLN,Energy,119.92445667227241,0
Extension (1986–2025),JLN,Energy,92.29873117127548,0
Extension (1986–2025),JLN,Energy,73.40646293625997,0
Extension (1986–2025),JLN,Energy,118.94271097141981,0
Extension (1986–2025),JLN,Energy,369.4699298286411,0
Extension (1986–2025),JLN,Energy,29.5444038546024,0
Extension (1986–2025),JLN,Energy,36.88946443420087,0
Extension (1986–2025),JLN,Energy,65.48779146656283,0
Extension (1986–2025),JLN,Energy,32.02430219662271,0
Extension (1986–2025),JLN,Energy,87.05164234288225,0
Extension (1986–2025),JLN,Energy,152.36454120605805,0
Extension (1986–2025),JLN,Energy,76.2582154317406,0
Extension (1986–2025),JLN,Energy,48.770249407732884,0
Extension (1986–2025),JLN,Energy,3.7938690642545083,-1
Extension (1986–2025),JLN,Energy,65.72160721078814,0
Extension (1986–2025),JLN,Energy,271.81343259921147,0
Extension (1986–2025),JLN,Energy,203.60431874893354,0
Extension (1986–2025),JLN,Energy,190.68325754600045,0
Extension (1986–2025),JLN,Energy,279.3875762425185,0
Extension (1986–2025),JLN,Energy,116.71202797444288,0
Extension (1986–2025),JLN,Energy,202.42757858543334,0
Extension (1986–2025),JLN,Energy,63.881519613678215,0
Extension (1986–2025),JLN,Energy,36.68841990343336,0
Extension (1986–2025),JLN,Energy,114.58002941355602,0
Extension (1986–2025),JLN,Energy,70.83505832245352,0
Extension (1986–2025),JLN,Energy,105.78203329172483,0
Extension (1986–2025),JLN,Energy,41.508875562576755,0
Extension (1986–2025),JLN,Agriculture,19.1818823888842,0
Extension (1986–2025),JLN,Agriculture,18.19336674833204,0
Extension (1986–2025),JLN,Agriculture,72.13429039666798,0
Extension (1986–2025),JLN,Agriculture,15.355931499716236,0
Extension (1986–2025),JLN,Agriculture,21.44979454259125,0
Extension (1986–2025),JLN,Agriculture,2.35072708610547,-1
Extension (1986–2025),JLN,Agriculture,23.85232011972711,0
Extension (1986–2025),JLN,Agriculture,37.11312831080578,0
Extension (1986–2025),JLN,Agriculture,66.08346501897472,0
Extension (1986–2025),JLN,Agriculture,78.9256857527364,0
Extension (1986–2025),JLN,Agriculture,61.227078236833925,0
Extension (1986–2025),JLN,Agriculture,33.42111063152485,0
Extension (1986–2025),JLN,Agriculture,32.119167235334665,0
Extension (1986–2025),JLN,Agriculture,34.36422650656668,0
Extension (1986–2025),JLN,Agriculture,30.441312078656193,0
Extension (1986–2025),JLN,Agriculture,33.6411849716139,0
Extension (1986–2025),JLN,Agriculture,21.862358484731107,0
Extension (1986–2025),JLN,Agriculture,56.632257625498085,0
Extension (1986–2025),JLN,Agriculture,42.57757966658316,0
Extension (1986–2025),JLN,Agriculture,42.80013320573952,0
Extension (1986–2025),JLN,Agriculture,19.609860599092368,0
Extension (1986–2025),JLN,Agriculture,41.97923120870974,0
Extension (1986–2025),JLN,Agriculture,35.12057930991968,0
Extension (1986–2025),JLN,Agriculture,13.144245359941701,0
Extension (1986–2025),JLN,Agriculture,2.949651512351457,-1
Extension (1986–2025),JLN,Agriculture,34.0691558721358,0
Extension (1986–2025),JLN,Agriculture,90.8254263083357,0
Extension (1986–2025),JLN,Agriculture,88.09253293054346,0
Extension (1986–2025),JLN,Agriculture,65.67805757027482,0
Extension (1986–2025),JLN,Agriculture,48.32667727899045,0
Extension (1986–2025),JLN,Agriculture,35.32025042657092,0
Extension (1986–2025),JLN,Agriculture,71.47982621705532,0
Extension (1986–2025),JLN,Agriculture,20.086451950706135,0
Extension (1986–2025),JLN,Agriculture,47.20142720426772,0
Extension (1986–2025),JLN,Agriculture,28.555676836707644,0
Extension (1986–2025),JLN,Agriculture,52.223801573995075,0
Extension (1986–2025),JLN,Agriculture,72.79635815739002,0
Extension (1986–2025),JLN,Agriculture,65.09244269421487,0
Extension (1986–2025),JLN,Agriculture,99.60391998716422,0
Extension (1986–2025),JLN,Agriculture,21.12222552078277,0
Extension (1986–2025),JLN,Agriculture,58.52511575152233,0
Extension (1986–2025),JLN,Agriculture,62.396037660749386,0
Extension (1986–2025),JLN,Agriculture,85.37274671030737,0
Extension (1986–2025),JLN,Agriculture,11.274651746233893,-1
Extension (1986–2025),JLN,Agriculture,77.26856960466077,0
Extension (1986–2025),JLN,Agriculture,96.49311702038774,0
Extension (1986–2025),JLN,Agriculture,54.505821274333755,0
Extension (1986–2025),JLN,Agriculture,44.35804919458945,0
Extension (1986–2025),JLN,Agriculture,108.52371020664866,0
Extension (1986–2025),JLN,Agriculture,62.794130886593216,0
Extension (1986–2025),JLN,Agriculture,38.600287875327545,0
Extension (1986–2025),JLN,Agriculture,219.77718200609777,0
Extension (1986–2025),JLN,Agriculture,35.460652277996275,0
Extension (1986–2025),JLN,Agriculture,65.07096288478672,0
Extension (1986–2025),JLN,Industrial,23.70907569341099,0
Extension (1986–2025),JLN,Industrial,43.32903571555225,0
Extension (1986–2025),JLN,Industrial,19.346142819416368,0
Extension (1986–2025),JLN,Industrial,61.4983972000031,0
Extension (1986–2025),JLN,Industrial,22.08976439828001,0
Extension (1986–2025),JLN,Industrial,118.02778591421962,0
Extension (1986–2025),JLN,Industrial,51.96103148022617,0
Extension (1986–2025),JLN,Industrial,194.80915107108078,0
Extension (1986–2025),JLN,Industrial,65.56306445763238,-1
Extension (1986–2025),JLN,Industrial,125.44477246759958,0
Extension (1986–2025),JLN,Industrial,80.7082865009562,0
Extension (1986–2025),JLN,Industrial,81.07154814588216,0
Extension (1986–2025),JLN,Industrial,83.33730303244079,0
Extension (1986–2025),JLN,Industrial,64.21450017640083,0
Extension (1986–2025),JLN,Industrial,68.4175326483782,0
Extension (1986–2025),JLN,Industrial,111.22440921843024,0
Extension (1986–2025),JLN,Industrial,88.33823012421237,0
Extension (1986–2025),JLN,Industrial,24.548477912223518,0
Extension (1986–2025),JLN,Industrial,51.451887919038775,0
Extension (1986–2025),JLN,Industrial,100.86613015678267,0
Extension (1986–2025),JLN,Industrial,47.18943681212021,0
Extension (1986–2025),JLN,Industrial,42.12267809008937,0
Extension (1986–2025),JLN,Industrial,19.064255046644323,0
Extension (1986–2025),JLN,Industrial,26.594779972641778,0
Extension (1986–2025),JLN,Industrial,66.96638382455099,0
Extension (1986–2025),JLN,Industrial,133.43072659034806,0
Extension (1986–2025),JLN,Industrial,202.13836828155888,0
Extension (1986–2025),JLN,Industrial,41.83080090709905,-1
Extension (1986–2025),JLN,Industrial,199.16907997312268,0
Extension (1986–2025),JLN,Industrial,89.89918106875436,0
Extension (1986–2025),JLN,Industrial,49.50745456851695,0
Extension (1986–2025),JLN,Industrial,110.96519406578645,0
Extension (1986–2025),JLN,Industrial,72.20995074389728,0
Extension (1986–2025),JLN,Industrial,52.45546626224425,0
Extension (1986–2025),JLN,Industrial,85.66529330664882,0
Extension (1986–2025),JLN,Industrial,26.295212438116423,0
Extension (1986–2025),JLN,Industrial,47.82234024138799,0
Extension (1986–2025),JLN,Industrial,77.00604172435703,0
Extension (1986–2025),JLN,Industrial,36.25774128845599,0
Extension (1986–2025),JLN,Industrial,81.18037474761478,0
Extension (1986–2025),JLN,Industrial,44.852316132668626,0
Extension (1986–2025),JLN,Industrial,64.04838626958102,0
Extension (1986–2025),JLN,Industrial,53.89473736754019,0
Extension (1986–2025),JLN,Industrial,220.01097196322854,0
Extension (1986–2025),JLN,Industrial,108.56440408539486,0
Extension (1986–2025),JLN,Industrial,145.7449546461647,0
Extension (1986–2025),JLN,Industrial,52.44573769990701,-1
Extension (1986–2025),JLN,Industrial,70.74158576901687,0
Extension (1986–2025),JLN,Industrial,52.16112417161584,0
Extension (1986–2025),JLN,Industrial,92.53644488721599,0
Extension (1986–2025),JLN,Industrial,213.15346736757613,0
Extension (1986–2025),JLN,Industrial,157.71858420335525,0
Extension (1986–2025),JLN,Industrial,94.84876621737656,0
Extension (1986–2025),JLN,Industrial,89.98847859035907,0
Extension (1986–2025),JLN,Industrial,61.20874498535461,0
Extension (1986–2025),JLN,Industrial,102.49803531635209,0
Extension (1986–2025),JLN,Industrial,32.51497496573132,0
Extension (1986–2025),JLN,Industrial,38.6917817712167,0
Extension (1986–2025),JLN,Industrial,30.160556595960255,0
Extension (1986–2025),JLN,Industrial,43.4175618848939,0
Extension (1986–2025),JLN,Industrial,120.06529132202824,0
Extension (1986–2025),JLN,Industrial,246.66901891216816,0
Extension (1986–2025),JLN,Industrial,153.97330072302955,0
Extension (1986–2025),JLN,Industrial,183.6694139345151,0
Extension (1986–2025),JLN,Industrial,132.78363021905932,0
Extension (1986–2025),JLN,Industrial,14.014028812634445,-1
Extension (1986–2025),JLN,Industrial,63.8773172945287,0
Extension (1986–2025),JLN,Industrial,67.4471263145196,0
Extension (1986–2025),JLN,Industrial,491.80189014220474,0
Extension (1986–2025),JLN,Industrial,121.20108538465021,0
Extension (1986–2025),JLN,Industrial,213.3921705036289,0
Extension (1986–2025),JLN,Industrial,39.58723099113331,0
Extension (1986–2025),JLN,Energy,52.46690285199626,0
Extension (1986–2025),JLN,Energy,48.47201917402374,0
Extension (1986–2025),JLN,Energy,72.53739485782154,0
Extension (1986–2025),JLN,Energy,80.10065874946353,0
Extension (1986–2025),JLN,Energy,50.68258827905757,0
Extension (1986–2025),JLN,Energy,34.31926402048425,0
Extension (1986–2025),JLN,Energy,43.69563232712052,0
Extension (1986–2025),JLN,Energy,53.923246912951065,0
Extension (1986–2025),JLN,Energy,237.79390225108276,0
Extension (1986–2025),JLN,Energy,201.0456862769112,0
Extension (1986–2025),JLN,Energy,193.3967030238095,0
Extension (1986–2025),JLN,Energy,125.07939794569354,0
Extension (1986–2025),JLN,Energy,3.5193315066950417,-1
Extension (1986–2025),JLN,Energy,46.30505640178081,0
Extension (1986–2025),JLN,Energy,110.71373126225437,0
Extension (1986–2025),JLN,Energy,36.81214622453624,0
Extension (1986–2025),JLN,Energy,47.95183709369138,0
Extension (1986–2025),JLN,Energy,34.71305725917077,0
Extension (1986–2025),JLN,Energy,124.74379027874166,0
Extension (1986–2025),JLN,Energy,114.05996878897611,0
Extension (1986–2025),JLN,Energy,43.90054507024656,0
Extension (1986–2025),JLN,Energy,142.359306498853,0
Extension (1986–2025),JLN,Energy,179.66583050965386,0
Extension (1986–2025),JLN,Energy,53.11107375944803,0
Extension (1986–2025),JLN,Energy,76.93715910297831,0
Extension (1986–2025),JLN,Energy,162.68767967523954,0
Extension (1986–2025),JLN,Energy,561.6212010834992,0
Extension (1986–2025),JLN,Energy,539.9227660963613,0
Extension (1986–2025),JLN,Energy,293.6330613499852,0
Extension (1986–2025),JLN,Energy,371.34035930512346,0
Extension (1986–2025),JLN,Energy,59.44899930400916,0
Extension (1986–2025),JLN,Energy,11.192501785670292,-1
Extension (1986–2025),JLN,Energy,175.799182148469,0
Extension (1986–2025),JLN,Energy,216.79716942626928,0
Extension (1986–2025),JLN,Energy,130.87545010017814,0
Extension (1986–2025),JLN,Energy,49.8933426671597,0
Extension (1986–2025),JLN,Energy,63.87486579678958,0
Extension (1986–2025),JLN,Energy,81.8435590441159,0
Extension (1986–2025),JLN,Energy,60.206223018518386,0
Extension (1986–2025),JLN,Energy,23.699651971285768,0
Extension (1986–2025),JLN,Energy,54.812762674165036,0
Extension (1986–2025),JLN,Energy,59.04293504077314,0
Extension (1986–2025),JLN,Energy,134.38767046677359,0
Extension (1986–2025),JLN,Energy,139.3103463156822,0
Extension (1986–2025),JLN,Energy,78.70437107914552,0
Extension (1986–2025),JLN,Energy,113.57867315753964,0
Extension (1986–2025),JLN,Energy,74.15654404302896,0
Extension (1986–2025),JLN,Energy,55.07884500283083,0
Extension (1986–2025),JLN,Energy,31.483331044643727,0
Extension (1986–2025),JLN,Energy,58.47581750895981,0
Extension (1986–2025),JLN,Energy,9.835930137030033,-1
Extension (1986–2025),JLN,Energy,56.42523350384576,0
Extension (1986–2025),JLN,Energy,59.472702286733266,0
Extension (1986–2025),JLN,Energy,53.841508569937766,0
Extension (1986–2025),JLN,Agriculture,118.21718667264777,0
Extension (1986–2025),JLN,Agriculture,136.46223539964092,0
Extension (1986–2025),JLN,Agriculture,61.045684768214265,0
Extension (1986–2025),JLN,Agriculture,50.123514296418826,0
Extension (1986–2025),JLN,Agriculture,50.93811754770685,0
Extension (1986–2025),JLN,Agriculture,116.74360166521363,0
Extension (1986–2025),JLN,Agriculture,65.4231597584515,0
Extension (1986–2025),JLN,Agriculture,129.0701170883346,0
Extension (1986–2025),JLN,Agriculture,296.1784842791786,0
Extension (1986–2025),JLN,Agriculture,277.02401786766484,0
Extension (1986–2025),JLN,Agriculture,226.99967819523613,0
Extension (1986–2025),JLN,Agriculture,178.615178219458,0
Extension (1986–2025),JLN,Agriculture,115.43898344367656,0
Extension (1986–2025),JLN,Agriculture,113.14770419758015,0
Extension (1986–2025),JLN,Agriculture,118.15445225391417,0
Extension (1986–2025),JLN,Agriculture,10.436935659043698,-1
Extension (1986–2025),JLN,Agriculture,40.9697221036154,0
Extension (1986–2025),JLN,Agriculture,35.242341565403116,0
Extension (1986–2025),JLN,Energy,112.14056341924672,0
Extension (1986–2025),JLN,Energy,134.55362369146815,0
Extension (1986–2025),JLN,Energy,67.5246455655091,0
Extension (1986–2025),JLN,Energy,72.26898822910162,0
Extension (1986–2025),JLN,Energy,51.62996974534346,0
Extension (1986–2025),JLN,Energy,52.23132763519243,0
Extension (1986–2025),JLN,Energy,166.13071045172074,0
Extension (1986–2025),JLN,Energy,223.31861953830202,0
Extension (1986–2025),JLN,Energy,163.45774460041747,0
Extension (1986–2025),JLN,Energy,198.99050564483855,0
Extension (1986–2025),JLN,Energy,138.0353232375563,0
Extension (1986–2025),JLN,Energy,113.84486550690757,0
Extension (1986–2025),JLN,Energy,74.47916152908024,0
Extension (1986–2025),JLN,Energy,67.59642897269002,0
Extension (1986–2025),JLN,Energy,129.89809755699375,0
Extension (1986–2025),JLN,Energy,173.62720755046288,0
Extension (1986–2025),JLN,Energy,9.612651031288387,-1
Extension (1986–2025),JLN,Energy,167.16987437698768,0
Extension (1986–2025),JLN,Agriculture,60.13371217421833,0
Extension (1986–2025),JLN,Agriculture,264.34871385911885,0
Extension (1986–2025),JLN,Agriculture,45.80519342541352,0
Extension (1986–2025),JLN,Agriculture,40.58195379854594,0
Extension (1986–2025),JLN,Agriculture,35.712556023902344,0
Extension (1986–2025),JLN,Agriculture,31.26391435813853,0
Extension (1986–2025),JLN,Agriculture,56.14363699128717,0
Extension (1986–2025),JLN,Agriculture,120.2152089189188,0
Extension (1986–2025),JLN,Agriculture,121.86367465585879,0
Extension (1986–2025),JLN,Agriculture,139.71034315553484,0
Extension (1986–2025),JLN,Agriculture,88.83227359022952,0
Extension (1986–2025),JLN,Agriculture,74.2204447474508,0
Extension (1986–2025),JLN,Agriculture,49.70606054602269,0
Extension (1986–2025),JLN,Agriculture,68.57102922035368,0
Extension (1986–2025),JLN,Agriculture,90.4635699848597,0
Extension (1986–2025),JLN,Agriculture,98.34024287515564,0
Extension (1986–2025),JLN,Agriculture,76.88108310444053,0
Extension (1986–2025),JLN,Agriculture,3.9260979369615856,-1
