observation_date,JLNUM12M,JLNUM1M,JLNUM3M
1960-07-01,0.855328870135846,0.605637330660604,0.733476633525985
1960-08-01,0.857248744191830,0.613021555226376,0.738303785417928
1960-09-01,0.862350470120923,0.619434940611571,0.744663171463467
1960-10-01,0.868105506406875,0.630625020330129,0.755370447126711
1960-11-01,0.876932680719875,0.658946388366343,0.777289435346950
1960-12-01,0.886541318479049,0.676940988229733,0.793989859750795
1961-01-01,0.890461271608359,0.666275772943592,0.791618444717960
1961-02-01,0.893063957736155,0.661624415345196,0.790339605355024
1961-03-01,0.891585122043082,0.661448237614685,0.789393838156680
1961-04-01,0.886345588648080,0.664805699695222,0.787083561880329
1961-05-01,0.882059510099876,0.649814230978014,0.775967068473336
1961-06-01,0.878829219532166,0.636080922752811,0.766215212981720
1961-07-01,0.875505042552546,0.623004637967891,0.756879612956375
1961-08-01,0.873657950014075,0.619623525318909,0.753942989288506
1961-09-01,0.868816775600687,0.619819877734204,0.751149434234416
1961-10-01,0.863376074514568,0.617402438777827,0.747074205420736
1961-11-01,0.857104760765493,0.607575699557920,0.738315608060960
1961-12-01,0.853745792507490,0.598404351599413,0.731464794367795
1962-01-01,0.853997659073559,0.603430483230451,0.736340747198734
1962-02-01,0.852742398336023,0.601545915435727,0.736423076924981
1962-03-01,0.848545225945123,0.588676555034834,0.725663597987810
1962-04-01,0.845341096828140,0.589019180191852,0.723960210869082
1962-05-01,0.843933628528697,0.586975506969145,0.721694499178148
1962-06-01,0.841052997058942,0.580547424029888,0.715890681230697
1962-07-01,0.835725245253810,0.570686390251290,0.705281222269703
1962-08-01,0.829528673241731,0.559823497049091,0.695038513638370
1962-09-01,0.823900243404757,0.555124705845513,0.689972493859777
1962-10-01,0.818913483553339,0.552800524608291,0.685788999966708
1962-11-01,0.813500506511849,0.553373123346694,0.682556121359839
1962-12-01,0.808716708501649,0.552313832463019,0.678239148041192
1963-01-01,0.804301233215834,0.551292418738562,0.673641914961949
1963-02-01,0.799403844364477,0.542024982747430,0.664199327504946
1963-03-01,0.796894857023107,0.532226079685043,0.656575615224084
1963-04-01,0.798294080627076,0.537684872200978,0.660435059783473
1963-05-01,0.797565122342387,0.535205883734436,0.658065984194769
1963-06-01,0.797493350113161,0.533356828928719,0.656558487671709
1963-07-01,0.798116692743749,0.531449270970653,0.655521860347673
1963-08-01,0.799975189969822,0.532135810535507,0.657742674567836
1963-09-01,0.799509946934672,0.532023684523923,0.658386714023873
1963-10-01,0.798509334818604,0.529393163825374,0.656923540434536
1963-11-01,0.799329416230269,0.535876216363107,0.662245426299038
1963-12-01,0.799486180627532,0.546575165148409,0.668076992870103
1964-01-01,0.799586961554263,0.553440349489623,0.671276815410986
1964-02-01,0.797412243173186,0.548446705237869,0.666447523790057
1964-03-01,0.794901416594812,0.538907488445468,0.658122826772229
1964-04-01,0.795210023693681,0.543427177402209,0.659917471927261
1964-05-01,0.794603420906195,0.529017395079983,0.651371068261227
1964-06-01,0.798525203101602,0.527735619178834,0.653502470070999
1964-07-01,0.805765733134910,0.535442688342720,0.663527879447484
1964-08-01,0.813403853129936,0.552233916652796,0.679336860853417
1964-09-01,0.823907770877679,0.582283970621690,0.705878327199722
1964-10-01,0.836455406906345,0.628428246537939,0.742827765228006
1964-11-01,0.842562996200449,0.640724199517932,0.755563113519676
1964-12-01,0.831321201961747,0.606413441954378,0.726769577142693
1965-01-01,0.822215439510376,0.581032299369577,0.705184971495106
1965-02-01,0.815210653370837,0.561875616604511,0.688956367831048
1965-03-01,0.810413835114978,0.551807631977895,0.679684513036850
1965-04-01,0.807008168541487,0.546930849766912,0.674469354286754
1965-05-01,0.804691180482709,0.540945231586778,0.669678982785551
1965-06-01,0.805712476338576,0.542002299315605,0.672150268974442
1965-07-01,0.807635290955264,0.548797604730444,0.676954278092678
1965-08-01,0.806345347773090,0.545968203822332,0.672692209252020
1965-09-01,0.807867022550090,0.554978916769456,0.676666789516457
1965-10-01,0.808382323875862,0.548631467620068,0.673573928538155
1965-11-01,0.811131569057813,0.546373028903598,0.674683042788286
1965-12-01,0.818388489199144,0.556210371858680,0.685873833308600
1966-01-01,0.820798439755637,0.561484689976332,0.691305711789062
1966-02-01,0.826299487699261,0.570678498513470,0.700112359726903
1966-03-01,0.831327764008602,0.579487158266747,0.708080393622065
1966-04-01,0.835137418022140,0.588477237517557,0.715175032904225
1966-05-01,0.839358612741760,0.595501784997796,0.721560321946944
1966-06-01,0.840295000479986,0.590904744699046,0.718574149676421
1966-07-01,0.841200833558026,0.590859785454601,0.718622010402829
1966-08-01,0.843880566063577,0.596006439379655,0.722768011129964
1966-09-01,0.847333498626641,0.601073103191638,0.726967025016639
1966-10-01,0.846865800836707,0.599265815234052,0.725255916648479
1966-11-01,0.848628836851417,0.604003197052112,0.729472484094750
1966-12-01,0.851335560264122,0.606632939920003,0.732757648530609
1967-01-01,0.854157843965714,0.613361045057981,0.739051125814986
1967-02-01,0.855749089566832,0.611905861652185,0.738009768065164
1967-03-01,0.852515837161539,0.602183889077019,0.728621270211824
1967-04-01,0.850606072259295,0.600178023665685,0.725258166652687
1967-05-01,0.851699594273757,0.597079972687097,0.724469922370896
1967-06-01,0.856853174490886,0.598613019665485,0.729540110131333
1967-07-01,0.863434978387696,0.607898466632716,0.739130044221968
1967-08-01,0.866401151384761,0.620479328422972,0.748225134982565
1967-09-01,0.866994338720567,0.618712788830305,0.747950162035612
1967-10-01,0.868831016158421,0.619232768504162,0.749691347757957
1967-11-01,0.876097105031170,0.638916181386512,0.767258059510242
1967-12-01,0.878296200490528,0.643902310180770,0.771502147608257
1968-01-01,0.879875741771025,0.661954878497665,0.783373262927357
1968-02-01,0.873186049508254,0.639464099532006,0.766374401184063
1968-03-01,0.866760170615118,0.615349109671426,0.746201767794372
1968-04-01,0.866323983934645,0.612862591543848,0.743254309149139
1968-05-01,0.861091792907670,0.602312616888668,0.732545342708545
1968-06-01,0.857954189060927,0.592525124279396,0.725193482466367
1968-07-01,0.853049658777817,0.583726480227060,0.716567435977328
1968-08-01,0.851677572066553,0.584439436931967,0.715549825622928
1968-09-01,0.850984424842346,0.578930583966784,0.712330508155038
1968-10-01,0.853471676474711,0.587313317974369,0.717734215296905
1968-11-01,0.857938500656737,0.593671069751377,0.724438469052162
1968-12-01,0.862312503367159,0.592902477535283,0.728050074692697
1969-01-01,0.866146086328101,0.594349976187141,0.731756573276895
1969-02-01,0.873561952954639,0.600652384627408,0.740254478394215
1969-03-01,0.881024218930127,0.602598129300535,0.746032077614587
1969-04-01,0.890828713776971,0.610917010508490,0.756496821286786
1969-05-01,0.899971709976206,0.622097169059284,0.768487570008043
1969-06-01,0.900595104471807,0.627336648372479,0.771876830946323
1969-07-01,0.899531458678575,0.627127790413212,0.770896123085518
1969-08-01,0.899520313619851,0.626385055136054,0.769662213823612
1969-09-01,0.898369316228362,0.625989722679098,0.768454627392425
1969-10-01,0.898483811713696,0.626170614584491,0.769216973555607
1969-11-01,0.901634116831924,0.640437806326607,0.779583019366822
1969-12-01,0.906753949065641,0.645564297128777,0.786562663415481
1970-01-01,0.915909220369555,0.668089337998192,0.807158901107139
1970-02-01,0.918650068892088,0.662731578052182,0.806942766683886
1970-03-01,0.921220301582629,0.665503763020812,0.809923434169707
1970-04-01,0.920581336054973,0.672786684403946,0.814553269742962
1970-05-01,0.917370724477526,0.670222931137577,0.812094052304586
1970-06-01,0.909986333443268,0.657565643695145,0.799996985154137
1970-07-01,0.907533407195193,0.656043971754303,0.798061026759423
1970-08-01,0.908484662820967,0.664479044361211,0.804109145856864
1970-09-01,0.909724615813733,0.680859074746028,0.814814176889580
1970-10-01,0.916616960149212,0.715652599020671,0.839382669673699
1970-11-01,0.919166685307093,0.715150398465100,0.841101613434157
1970-12-01,0.926002787956861,0.735174286186940,0.857564618954514
1971-01-01,0.914679339817674,0.693277145151808,0.824976337854178
1971-02-01,0.903427102698062,0.656633797070281,0.794311293197925
1971-03-01,0.893859390006083,0.629103349985320,0.770293513692886
1971-04-01,0.889036146616562,0.618517697976354,0.759750538155345
1971-05-01,0.884182876844287,0.618044464557304,0.754766741747780
1971-06-01,0.882271232454235,0.631595628209358,0.758999169371108
1971-07-01,0.883041117789586,0.639209991393474,0.763423499736860
1971-08-01,0.884255017256924,0.636065665240718,0.763277244091474
1971-09-01,0.885932901077928,0.630059596324607,0.762493035902408
1971-10-01,0.883449927802527,0.618243247774293,0.755016964946126
1971-11-01,0.883911060750695,0.619124335027637,0.756353405787178
1971-12-01,0.889956984945965,0.631574700564293,0.768509032214760
1972-01-01,0.889254586167966,0.639669851162013,0.772508278584261
1972-02-01,0.880001312201740,0.612804767876822,0.750511184987639
1972-03-01,0.873563566040508,0.594798499072357,0.734615856253430
1972-04-01,0.866544215905255,0.581235679543638,0.721238783757007
1972-05-01,0.866403438698081,0.581635928727462,0.721925178083861
1972-06-01,0.870455682302064,0.591544154269678,0.731225835690541
1972-07-01,0.878777138554761,0.614293931803280,0.750793928380772
1972-08-01,0.887079746772253,0.626985370509649,0.764607211459368
1972-09-01,0.891230160309043,0.625874084979313,0.766652257866190
1972-10-01,0.896395243281494,0.639434869773767,0.777828855669424
1972-11-01,0.900659972848010,0.639723296953308,0.782164788340047
1972-12-01,0.908535105195330,0.649786951362199,0.793337398624567
1973-01-01,0.919358058770790,0.665878039355180,0.809665051500111
1973-02-01,0.933067528015371,0.677294217346349,0.826342960427371
1973-03-01,0.941761015452328,0.680263540091704,0.833312550693821
1973-04-01,0.951742979684357,0.682141187795590,0.840291716237261
1973-05-01,0.964427833083471,0.688275053851016,0.852015747311571
1973-06-01,0.981662402178617,0.712434233061365,0.878645109630761
1973-07-01,1.007915166195530,0.754810529953532,0.924308782176232
1973-08-01,1.023640754375970,0.789306709841337,0.956891254824579
1973-09-01,1.027924325853860,0.796962562619530,0.963190628161710
1973-10-01,1.024569700992690,0.794861954836047,0.955330579421410
1973-11-01,1.020134160380860,0.781568977561559,0.942739305864429
1973-12-01,1.018441859487240,0.780927050978548,0.939499244506668
1974-01-01,1.015367349909180,0.785718309672725,0.938394487190500
1974-02-01,1.013115393450840,0.777145653757301,0.930858336444013
1974-03-01,1.012973070591920,0.773702149854453,0.929144687659359
1974-04-01,1.015043937137240,0.779268980923856,0.934206850746997
1974-05-01,1.017933317136050,0.773519429905535,0.935814965856760
1974-06-01,1.022994073250620,0.772370800175926,0.939916885532132
1974-07-01,1.029364440746300,0.787027249850802,0.952924539475265
1974-08-01,1.032836174901840,0.804368662998275,0.965804426297233
1974-09-01,1.031686002556050,0.813004831061573,0.972409391098999
1974-10-01,1.032727331777570,0.827152462418819,0.982435247418220
1974-11-01,1.036139567477240,0.862837563277342,1.007459683346200
1974-12-01,1.035048067154710,0.880575500281438,1.017157817941240
1975-01-01,1.023732338397100,0.855610938214465,0.993509652192531
1975-02-01,1.009830607106520,0.833369985405645,0.969537642447676
1975-03-01,0.998728624164872,0.802133526656996,0.943567281183544
1975-04-01,0.987482702759327,0.779535980456948,0.921899237728508
1975-05-01,0.972718256817908,0.765522719335452,0.901685871727567
1975-06-01,0.961778148485246,0.761589985021435,0.889389920355389
1975-07-01,0.954454906601980,0.752350983600260,0.878980938704343
1975-08-01,0.940133401909767,0.718360944324932,0.850325014753129
1975-09-01,0.926575079786435,0.686682717258370,0.821591696972499
1975-10-01,0.918477305256863,0.664442437041974,0.802287447149071
1975-11-01,0.912655665686538,0.650180733274551,0.789793796095875
1975-12-01,0.910727046223190,0.657921886001501,0.792975389751503
1976-01-01,0.909668184615500,0.657272259999587,0.791922492572452
1976-02-01,0.900682840826672,0.638047004270031,0.774005825345015
1976-03-01,0.891197907155823,0.619472639404353,0.755335657788594
1976-04-01,0.885577751240084,0.614252177668882,0.747679056485345
1976-05-01,0.881392480893081,0.610773506847761,0.743504805332765
1976-06-01,0.874718703507947,0.597513142394016,0.731700736489725
1976-07-01,0.870588696955913,0.589215714162751,0.722858892606836
1976-08-01,0.869638559276773,0.592283496622915,0.723936717503317
1976-09-01,0.873955990012696,0.604466105258043,0.733638767117222
1976-10-01,0.879299914334767,0.618799490038392,0.747982917964214
1976-11-01,0.881214122536901,0.629211478342137,0.756515228428553
1976-12-01,0.881307355770858,0.628630510714342,0.757007728026562
1977-01-01,0.881130065712543,0.633741264378080,0.759409522161156
1977-02-01,0.880125172586080,0.630882184104363,0.758361309263187
1977-03-01,0.872974028236032,0.609137477176608,0.739784428497042
1977-04-01,0.864748525591903,0.581171691648146,0.716677787428820
1977-05-01,0.862797267544884,0.570951473577015,0.707603578363948
1977-06-01,0.859427458738613,0.564573541228230,0.700507824613523
1977-07-01,0.858860242857562,0.566185913620914,0.700177021648224
1977-08-01,0.860991170594051,0.567456423815413,0.702040185392417
1977-09-01,0.861894294658840,0.578029689658093,0.709659068159333
1977-10-01,0.866498484543057,0.590595999699391,0.721770771401907
1977-11-01,0.869709444552773,0.599975103830545,0.730357274602688
1977-12-01,0.876209577917602,0.621211532605497,0.748440122115199
1978-01-01,0.887515248362508,0.652494505721767,0.773851089108572
1978-02-01,0.890108017750695,0.643764126317490,0.772070441770008
1978-03-01,0.890992238243002,0.641702796855195,0.772014686995276
1978-04-01,0.891885047093250,0.630929125437297,0.765257240395533
1978-05-01,0.891257394639463,0.612826261546193,0.752683039509548
1978-06-01,0.891740489009510,0.601510758964430,0.744866079142191
1978-07-01,0.896072862267991,0.601683873837617,0.747573221386612
1978-08-01,0.899570371955701,0.596952779894978,0.746200102568496
1978-09-01,0.904231905133026,0.599897074808212,0.750249643895786
1978-10-01,0.909820641943812,0.604907898646435,0.758339964291065
1978-11-01,0.916009962897373,0.615106343682340,0.767230485985618
1978-12-01,0.917730460808371,0.622308012414849,0.772488633455226
1979-01-01,0.925480227537834,0.646745088990334,0.792658860228770
1979-02-01,0.933478059868349,0.661655753154301,0.806667455318268
1979-03-01,0.945968169707898,0.687810596655431,0.829740064136970
1979-04-01,0.962552874094122,0.732199216502301,0.863713652773116
1979-05-01,0.972149613408361,0.727237097863066,0.867097923643374
1979-06-01,0.975122071426200,0.711539941608581,0.858214910039987
1979-07-01,0.981904142586422,0.714002091691072,0.861815423396095
1979-08-01,0.994599426422313,0.726729239051023,0.876567159792468
1979-09-01,1.011024409626860,0.738499073646176,0.892817496543742
1979-10-01,1.031739888449710,0.751671987091888,0.914840895569217
1979-11-01,1.046295320936710,0.763290945154697,0.931856073940585
1979-12-01,1.061708521534100,0.779241696585096,0.952413043397704
1980-01-01,1.083067843638300,0.818412426376488,0.992043311634112
1980-02-01,1.111019935678240,0.864169783376425,1.040321003180050
1980-03-01,1.141155039357660,0.919331471621923,1.095034305517020
1980-04-01,1.169131044063820,0.970840408447433,1.148050299028190
1980-05-01,1.170969187081270,0.960331236318763,1.144263854116350
1980-06-01,1.152364508149910,0.927012442464645,1.111635411387110
1980-07-01,1.142478953905920,0.920123545205803,1.100512959278860
1980-08-01,1.135817055591970,0.908634233199401,1.087179730830500
1980-09-01,1.124325000189400,0.883936928853133,1.061797609054570
1980-10-01,1.117233901900020,0.866281346596525,1.044067021149000
1980-11-01,1.115868461744240,0.848933621262136,1.031835339140700
1980-12-01,1.118833938709070,0.844827836552480,1.030093209255820
1981-01-01,1.121537553282620,0.844302194633278,1.030190390700560
1981-02-01,1.121881539871240,0.838321568443025,1.025685568014540
1981-03-01,1.114626606998210,0.834033305725288,1.017774158221660
1981-04-01,1.113064683355690,0.836982091506381,1.017456407519010
1981-05-01,1.113067464384980,0.835705789701418,1.015781103824330
1981-06-01,1.116196804336180,0.839643097321975,1.020134206590890
1981-07-01,1.108841123682360,0.835442097295089,1.013655066925310
1981-08-01,1.105273102660570,0.830441645846420,1.010845016137930
1981-09-01,1.105704083727540,0.842655632462226,1.020341097925360
1981-10-01,1.101322761416490,0.842846790566800,1.019760859916620
1981-11-01,1.100501227640600,0.845504303300787,1.022158751464820
1981-12-01,1.093205106412870,0.857517458946704,1.024090577478740
1982-01-01,1.091886085349270,0.887831917671625,1.041232473018790
1982-02-01,1.090506268560800,0.890847789361625,1.043648315378240
1982-03-01,1.079807364170070,0.848988328638314,1.012661748152020
1982-04-01,1.071320888982140,0.829678452836157,0.993100526236352
1982-05-01,1.065133764481130,0.822055795314020,0.983319924100682
1982-06-01,1.061782643453320,0.816100691825858,0.976858478627867
1982-07-01,1.055008632065900,0.805926464400625,0.967556210455796
1982-08-01,1.044951917167310,0.790001598942585,0.954013631281364
1982-09-01,1.034250046598740,0.779210778960723,0.940765634480698
1982-10-01,1.024698066016320,0.778030706350671,0.933927275541093
1982-11-01,1.009447226370970,0.761833844318597,0.914439918173946
1982-12-01,0.999016794692971,0.761966504375691,0.908257869909647
1983-01-01,0.992880110514264,0.773010354353906,0.910778013942320
1983-02-01,0.979264945088252,0.743654419254028,0.884550396855252
1983-03-01,0.967355796100703,0.720202200723570,0.862755134872793
1983-04-01,0.956383152478734,0.704090501615666,0.845700329702190
1983-05-01,0.943776077863005,0.680533264115645,0.822407818369620
1983-06-01,0.938217026107852,0.673042101653934,0.813220880657596
1983-07-01,0.929406664832440,0.661407660097392,0.800834348072850
1983-08-01,0.922734113778672,0.653281143425340,0.790952423065961
1983-09-01,0.919020352132766,0.653159617812429,0.787768612074091
1983-10-01,0.910186107090656,0.633954832317544,0.769706449402861
1983-11-01,0.904840283475112,0.618025997433701,0.757228400049929
1983-12-01,0.904582521456525,0.622779077198761,0.760073756767126
1984-01-01,0.908729977968720,0.635437725903813,0.770995743994705
1984-02-01,0.908200125897905,0.635414565550203,0.770293528688812
1984-03-01,0.905924405259188,0.620611855445547,0.758580467486926
1984-04-01,0.903925011245235,0.607679510836548,0.748244497487202
1984-05-01,0.909671681099648,0.612463188150434,0.753725906399723
1984-06-01,0.912320940126635,0.613616737108460,0.755280647564222
1984-07-01,0.915529856022489,0.616322785933737,0.758064989432110
1984-08-01,0.920144611941582,0.622244735076938,0.763952561487248
1984-09-01,0.920727997729854,0.626147432519279,0.766113139539329
1984-10-01,0.924628295167055,0.628327553946795,0.768870939928760
1984-11-01,0.926632217591703,0.625300176520004,0.768365724556535
1984-12-01,0.927022110096055,0.623514711950037,0.767905664458748
1985-01-01,0.927254067078724,0.626034907089705,0.770122678338892
1985-02-01,0.929054062764787,0.630143770203625,0.773547637160417
1985-03-01,0.930540450913997,0.633540146691646,0.776303534865068
1985-04-01,0.931475864797461,0.638111714964241,0.779237893155351
1985-05-01,0.924336044981170,0.621688453055844,0.765479315796349
1985-06-01,0.918932699395455,0.613725330916541,0.757359804481846
1985-07-01,0.913701419751114,0.609386187233668,0.751750518652258
1985-08-01,0.909664992861362,0.605551756588658,0.748518980454328
1985-09-01,0.910428391439444,0.616037893533999,0.756779176515711
1985-10-01,0.915455801183734,0.624320249871168,0.765533915082451
1985-11-01,0.920146230312157,0.630988615743791,0.773414033627731
1985-12-01,0.928254438852489,0.644399655832543,0.786858990139069
1986-01-01,0.936101964693408,0.661373522036034,0.803734575919815
1986-02-01,0.948125047738803,0.686538960761255,0.828291602347183
1986-03-01,0.946680606182645,0.690325427183163,0.829932813446313
1986-04-01,0.941189814393147,0.675916735811176,0.818144890540561
1986-05-01,0.937624648934691,0.669007170885623,0.812506252920628
1986-06-01,0.931421997325194,0.661116304360790,0.803067447509704
1986-07-01,0.927169073983566,0.650689240948570,0.794198727850029
1986-08-01,0.924340632079954,0.647112952891113,0.790185599458670
1986-09-01,0.921813411313945,0.652720739900919,0.792775255899678
1986-10-01,0.919604066534727,0.648972723703391,0.789108410743901
1986-11-01,0.922649073633014,0.654134634573855,0.794537656189018
1986-12-01,0.932444068594945,0.673136603580835,0.812003266191867
1987-01-01,0.937275994961733,0.687181415358444,0.824919773653320
1987-02-01,0.929955902046877,0.672469315751370,0.810366967915820
1987-03-01,0.916537625079011,0.638791770018151,0.779991191252738
1987-04-01,0.908901763031102,0.625148673947820,0.765108185139501
1987-05-01,0.901434004142338,0.608013181483171,0.749653855714793
1987-06-01,0.896942396190623,0.597550845866861,0.740775936342799
1987-07-01,0.895746942650969,0.594599038667041,0.739195075696653
1987-08-01,0.898333309081136,0.601399501696025,0.745290184898190
1987-09-01,0.902744838783786,0.614191023723673,0.756385832897284
1987-10-01,0.909237990288031,0.633283115054962,0.774407928188210
1987-11-01,0.913437259287274,0.628420603210134,0.773238569860201
1987-12-01,0.911493297448977,0.630191715031008,0.770964341548419
1988-01-01,0.910253751846255,0.626182450553677,0.767878280961905
1988-02-01,0.903626200471792,0.611210750899846,0.754429459651411
1988-03-01,0.896363085327845,0.592796973065650,0.737285464444827
1988-04-01,0.893106321171143,0.584379761183755,0.729042630010421
1988-05-01,0.888369853712306,0.575513901567595,0.719214600301127
1988-06-01,0.887673757804509,0.574012931979792,0.717321361776345
1988-07-01,0.883168067065356,0.571773119457244,0.712283577583962
1988-08-01,0.881184444102650,0.569918352789565,0.709192706161619
1988-09-01,0.880989477463030,0.571919309105339,0.710155752543875
1988-10-01,0.882419580514146,0.572413366896877,0.711537928818037
1988-11-01,0.885299744995180,0.577044375897308,0.716723895495085
1988-12-01,0.890779838350602,0.594403169828230,0.731671504907556
1989-01-01,0.896836348533370,0.623036074360302,0.754582751032353
1989-02-01,0.900491085215202,0.628463598117890,0.761462722068892
1989-03-01,0.902809422437577,0.622424334786788,0.759347925776057
1989-04-01,0.906296964513412,0.622256210191026,0.762058425328714
1989-05-01,0.911653597599899,0.627861952180664,0.768802147971576
1989-06-01,0.911754442891077,0.624930226670185,0.767067658846478
1989-07-01,0.911760271692481,0.630813345106713,0.770783085602827
1989-08-01,0.910498553472771,0.632418894893642,0.771953264674383
1989-09-01,0.903917748904194,0.617033447499165,0.759370586932770
1989-10-01,0.899855761618748,0.614611350343582,0.756721168768266
1989-11-01,0.899451478415831,0.620077294874422,0.760439345284215
1989-12-01,0.905033552689105,0.645935006455814,0.780365388918636
1990-01-01,0.915449753930414,0.682119762632667,0.809489191793078
1990-02-01,0.915964475947788,0.672233072208649,0.805958105468366
1990-03-01,0.913397381187038,0.656120034344726,0.793760251690919
1990-04-01,0.911640301062913,0.649501029967700,0.788875226399136
1990-05-01,0.909620117354258,0.643187207051623,0.783614506964398
1990-06-01,0.912564192008694,0.640778928089951,0.783751152907833
1990-07-01,0.920146118805604,0.645628744026648,0.792176910181418
1990-08-01,0.928663929906212,0.662659136586693,0.808745177091689
1990-09-01,0.928868810838137,0.655552995153245,0.804488750112327
1990-10-01,0.932419650394424,0.664169929301507,0.811647430013822
1990-11-01,0.938450725682373,0.679367257042134,0.826019125292287
1990-12-01,0.936036845902457,0.678762626053849,0.822205890085070
1991-01-01,0.934353996657044,0.680191571146013,0.820832548208743
1991-02-01,0.931310098574030,0.667211317584501,0.810313128742777
1991-03-01,0.921744156811363,0.648171568097559,0.790642616634761
1991-04-01,0.908980049882684,0.637379263920130,0.774584868686568
1991-05-01,0.896647606856264,0.621785603227357,0.756707828820142
1991-06-01,0.888450999654728,0.611345461344739,0.744161473254060
1991-07-01,0.881365629724785,0.596420024561949,0.730407518415395
1991-08-01,0.877345984687123,0.582499188707548,0.719627851302531
1991-09-01,0.873977864782506,0.578507484483226,0.715081732379853
1991-10-01,0.874431956627696,0.569607065931597,0.710908926126382
1991-11-01,0.877222716863547,0.569875598044076,0.713894093514266
1991-12-01,0.880150877643792,0.578090644236563,0.721183526393196
1992-01-01,0.880472566158375,0.581317818215304,0.723347931508293
1992-02-01,0.879197584789822,0.578714051654108,0.720195783143690
1992-03-01,0.875735531305385,0.571200720954899,0.711744650983072
1992-04-01,0.872942282720828,0.572238764163973,0.709661328969073
1992-05-01,0.868044206697066,0.563657469552011,0.701022068539731
1992-06-01,0.866486312271078,0.561977501418657,0.698783379646617
1992-07-01,0.867632164528392,0.568982902387992,0.702813981501089
1992-08-01,0.866717337344618,0.568396884789382,0.701532735631098
1992-09-01,0.867980255804646,0.573749345970592,0.704570055285585
1992-10-01,0.870598572082922,0.579207569550850,0.708679414578546
1992-11-01,0.867827906631950,0.572105406128705,0.702156198111575
1992-12-01,0.863426367310098,0.582219780579793,0.701759294952159
1993-01-01,0.860325454943298,0.582228701420193,0.700763554781420
1993-02-01,0.858436429439005,0.566269646984948,0.693828597919711
1993-03-01,0.856214867550197,0.562734251562308,0.692075587643504
1993-04-01,0.851634262218386,0.558430285198053,0.686908141603238
1993-05-01,0.846551755879822,0.551557874791417,0.680247057759623
1993-06-01,0.843147631283535,0.539302731529727,0.671236611655634
1993-07-01,0.840542365180877,0.530294269060775,0.664054175970907
1993-08-01,0.842154874724352,0.530473109788669,0.664661461611144
1993-09-01,0.844884727094338,0.538065275362957,0.670532405311022
1993-10-01,0.848707467894811,0.542324191820696,0.675574566556699
1993-11-01,0.850010552131836,0.542957360477203,0.675575005101468
1993-12-01,0.854199925686244,0.568179084371250,0.690140333761814
1994-01-01,0.859938467274627,0.576565728761524,0.699493459898448
1994-02-01,0.863442835554717,0.567396161827762,0.698643261568706
1994-03-01,0.866739110824396,0.566375468221712,0.700460950849007
1994-04-01,0.864162879547810,0.553237078466782,0.690068209880474
1994-05-01,0.862636074990510,0.549227758964228,0.686597611796807
1994-06-01,0.859337130524651,0.544293804553344,0.681841250351767
1994-07-01,0.859048648932229,0.543066991418555,0.681126126255187
1994-08-01,0.860343625290283,0.544374969245108,0.682465231538858
1994-09-01,0.860485010221636,0.544959067485669,0.682403664495245
1994-10-01,0.862139702194650,0.544511179767470,0.682936360895300
1994-11-01,0.861962796467189,0.541723533601515,0.681343746749454
1994-12-01,0.863976867220597,0.547619649349971,0.686237878041401
1995-01-01,0.865950261933423,0.551585556947688,0.690396926751960
1995-02-01,0.868756931302295,0.561073100244418,0.698311295921128
1995-03-01,0.867206565625319,0.559938322992740,0.695708014860160
1995-04-01,0.866804774981544,0.563382713866550,0.697150738824410
1995-05-01,0.865278381464986,0.563522992462957,0.697116962505347
1995-06-01,0.862663119494153,0.555248468434100,0.691480083678031
1995-07-01,0.861497285709512,0.554286000490752,0.691359111261033
1995-08-01,0.862615960980870,0.557907346193045,0.694662831717395
1995-09-01,0.860080031647793,0.549753802096485,0.688686722945938
1995-10-01,0.859828024981499,0.553034506040890,0.691753277824672
1995-11-01,0.862008280813982,0.563950960586959,0.700113109412841
1995-12-01,0.866347637902348,0.575235577814678,0.710752616510930
1996-01-01,0.874559898318522,0.595856839090233,0.729465074873670
1996-02-01,0.877858935690185,0.607700750698487,0.737977688251779
1996-03-01,0.874254365048051,0.594262249572238,0.726981479092453
1996-04-01,0.867596552870270,0.575583167855880,0.711505624244542
1996-05-01,0.862481253272487,0.559889341113159,0.698107389293606
1996-06-01,0.858086715712715,0.550947230868698,0.689855444099895
1996-07-01,0.854621426139754,0.546493873287698,0.684523567664226
1996-08-01,0.852420133463251,0.545024184459304,0.681319680816089
1996-09-01,0.852380334121835,0.542411429755948,0.679226949622223
1996-10-01,0.853066819784857,0.543346259252339,0.680137294014225
1996-11-01,0.854139649283850,0.542704202217700,0.680050393541721
1996-12-01,0.852865790858339,0.543374442545347,0.679959442177307
1997-01-01,0.852379290353762,0.543872339115699,0.680385653028359
1997-02-01,0.853420030589582,0.546039017093905,0.682580195621585
1997-03-01,0.850802708496618,0.542699403312348,0.679696601272191
1997-04-01,0.849024249722649,0.545855281804819,0.680659870945577
1997-05-01,0.848611453590418,0.542964571911630,0.678775380152028
1997-06-01,0.847799328315442,0.543594978249762,0.677935472056918
1997-07-01,0.848689917051981,0.550143546664564,0.682864703540125
1997-08-01,0.850117310526588,0.559868278859665,0.690090448379491
1997-09-01,0.848570354279530,0.554256044194312,0.685692610600236
1997-10-01,0.848527798288155,0.553629461898670,0.685337556615618
1997-11-01,0.850636863468289,0.554933753015132,0.687262856020000
1997-12-01,0.852571187951627,0.556006873102036,0.689546900922394
1998-01-01,0.853982149889412,0.562447991757807,0.694958654636112
1998-02-01,0.852897048592533,0.561339512461660,0.694750811556549
1998-03-01,0.854793462006790,0.564181183466456,0.698216490316506
1998-04-01,0.859976243196343,0.573107951817209,0.707631458098475
1998-05-01,0.865262145987699,0.579950909918963,0.716737331805813
1998-06-01,0.873830913464421,0.595154933788843,0.732320806754636
1998-07-01,0.882241362062189,0.607802152017623,0.746122603141205
1998-08-01,0.894309706366649,0.627521272695357,0.765918230737972
1998-09-01,0.900141946644680,0.616191912914343,0.759430666493943
1998-10-01,0.897526501932849,0.604966025000114,0.748487237115848
1998-11-01,0.893757953585809,0.595659612050633,0.739404133574408
1998-12-01,0.890481080148697,0.593037214201760,0.735006993671942
1999-01-01,0.889681003358589,0.593691481582375,0.735248797967505
1999-02-01,0.889937730412415,0.597399148115894,0.738689888203033
1999-03-01,0.890949102289689,0.595754456863256,0.738553055317161
1999-04-01,0.892313930834617,0.594709902546525,0.740513368286216
1999-05-01,0.892646957937233,0.589289794590560,0.737257097356073
1999-06-01,0.890593784373681,0.583817190544549,0.730874580293877
1999-07-01,0.890097860054970,0.578926743431785,0.726664146938976
1999-08-01,0.890148611821753,0.578297738541524,0.725997693813116
1999-09-01,0.892466049432571,0.582097898275185,0.729159937668228
1999-10-01,0.898129534606868,0.592920624049716,0.739126087935830
1999-11-01,0.898487133213238,0.600304405989530,0.743588226419076
1999-12-01,0.901745936596667,0.616860846142709,0.755881538175658
2000-01-01,0.905657451997413,0.636969002899593,0.771181584444251
2000-02-01,0.911760888803345,0.640958017533988,0.780090407617479
2000-03-01,0.917795304827668,0.647364725218308,0.788461950666631
2000-04-01,0.927963318284050,0.662944542000490,0.805049849570426
2000-05-01,0.934736956620312,0.676181400169427,0.815262579606809
2000-06-01,0.936083521900781,0.681161267570497,0.818996330305272
2000-07-01,0.932460333212879,0.668967339225982,0.811003532710128
2000-08-01,0.930802600489021,0.662047447300507,0.807036655986685
2000-09-01,0.934066038811109,0.666718900694640,0.812835661225851
2000-10-01,0.934449388858536,0.665132242309352,0.812215306174636
2000-11-01,0.936045297784114,0.664753426285122,0.812210831217402
2000-12-01,0.944775818911155,0.678497317606226,0.825460051069127
2001-01-01,0.947525629113692,0.683905582915663,0.831301288213892
2001-02-01,0.943089420949571,0.680051803243107,0.827314771897165
2001-03-01,0.939720365710172,0.674602187680977,0.821829473794594
2001-04-01,0.936642673324912,0.678088421252389,0.821504713161169
2001-05-01,0.932874398256405,0.677255007904009,0.819006062220805
2001-06-01,0.931630396651139,0.685475237850534,0.824070350239045
2001-07-01,0.933789337738817,0.697295712776916,0.833331575713839
2001-08-01,0.939125687707312,0.718935619425769,0.851382280421890
2001-09-01,0.949505568752826,0.760433711161049,0.885481504887235
2001-10-01,0.946691581920192,0.764684678510795,0.886260869188048
2001-11-01,0.934306050913495,0.737825350345814,0.861048488288496
2001-12-01,0.921983757361203,0.704600805458712,0.831855085961036
2002-01-01,0.912068673374763,0.684006148231176,0.811943073253859
2002-02-01,0.901973276378459,0.653136007338267,0.785333164569528
2002-03-01,0.897799657832185,0.634794077272174,0.771161229481396
2002-04-01,0.887850809011518,0.615739398310332,0.752942721600051
2002-05-01,0.881014870024698,0.599161611771932,0.738196354962503
2002-06-01,0.878912173385438,0.596929734150644,0.735410862803859
2002-07-01,0.879754129321176,0.597737705350588,0.736524764370227
2002-08-01,0.879692433306130,0.595511313314065,0.734558417488062
2002-09-01,0.880369509648534,0.595239241507002,0.734590207577570
2002-10-01,0.883435383441320,0.594834021424257,0.735649596472654
2002-11-01,0.890087328581792,0.604312123472588,0.745385685772302
2002-12-01,0.896520406122271,0.619163771241836,0.759452843507636
2003-01-01,0.903681455575220,0.635746438547643,0.775477030548299
2003-02-01,0.908298786273886,0.645080079456196,0.785101194926880
2003-03-01,0.912828560660351,0.644675318894768,0.788317891568085
2003-04-01,0.920885336536112,0.655741923305001,0.801522707559396
2003-05-01,0.916491183515127,0.639783641576681,0.786594806037040
2003-06-01,0.910866428220100,0.628965852413524,0.774072994098850
2003-07-01,0.907295613848693,0.629192175335222,0.770917496402291
2003-08-01,0.899289726096521,0.625817714234580,0.763758059743566
2003-09-01,0.894525201567718,0.625649129848720,0.760911538222796
2003-10-01,0.889443926454920,0.617953884714124,0.752696242641570
2003-11-01,0.881845436934664,0.604697071785439,0.738724709924646
2003-12-01,0.876331067766411,0.592188975407503,0.727083230808377
2004-01-01,0.874509725139119,0.589685885726782,0.724728759879234
2004-02-01,0.874539615206125,0.588054608697741,0.723733301269976
2004-03-01,0.877790494777919,0.592262561989732,0.727678343870319
2004-04-01,0.883592550007201,0.593298040990516,0.731705810647647
2004-05-01,0.889227977756367,0.601252734758338,0.740482775485735
2004-06-01,0.891929281296621,0.608175192464794,0.746311818366677
2004-07-01,0.888231909083792,0.598803736556188,0.739105050163647
2004-08-01,0.883993169434718,0.590101824971963,0.731813907370778
2004-09-01,0.885459512687233,0.594623278119802,0.736430355483635
2004-10-01,0.890642551185447,0.605703674675906,0.747732669096761
2004-11-01,0.894294178657360,0.616987419307116,0.756251037675674
2004-12-01,0.897296107876579,0.641300075835134,0.769928172154895
2005-01-01,0.898491402126885,0.648205010828140,0.775012396673300
2005-02-01,0.897665950821816,0.634590522681908,0.769905689618430
2005-03-01,0.898407728434660,0.627950727990167,0.766644767773916
2005-04-01,0.899365186784883,0.622783092131725,0.765065543027081
2005-05-01,0.903424610230593,0.629991899492199,0.772918697470074
2005-06-01,0.909511105516063,0.642547431100516,0.785520927735900
2005-07-01,0.916283095288727,0.662077845763797,0.803766982271336
2005-08-01,0.925123853650752,0.685273713956316,0.826012470374003
2005-09-01,0.938370128344364,0.728415880179314,0.863708381521321
2005-10-01,0.943635462875526,0.728897973899396,0.870369172023737
2005-11-01,0.937983614743315,0.711434079727853,0.856135153001869
2005-12-01,0.928828877856953,0.685299984707322,0.832158867773120
2006-01-01,0.923885165883982,0.680593909124028,0.824668443725615
2006-02-01,0.920593660150797,0.671150856623079,0.816039508829605
2006-03-01,0.914233527826285,0.653893530582859,0.799729280620009
2006-04-01,0.911909201978642,0.651275048692273,0.796054857387104
2006-05-01,0.910063112866391,0.649963090813042,0.793399973757332
2006-06-01,0.908015070140988,0.649337942338650,0.791090008586988
2006-07-01,0.906627505369536,0.649169220928457,0.790446238448612
2006-08-01,0.907267524407133,0.654645094055767,0.794994526073460
2006-09-01,0.911948472228772,0.669338384507069,0.808814377738000
2006-10-01,0.907434388914490,0.655908282645334,0.796937499096493
2006-11-01,0.905211872414067,0.643569872280510,0.787427378183025
2006-12-01,0.904469131253885,0.644143694891793,0.786049773059375
2007-01-01,0.904288736805796,0.643611147030734,0.784362017109790
2007-02-01,0.901525839942647,0.639127021585201,0.778521908409859
2007-03-01,0.896529303323615,0.632418804281817,0.768812657438544
2007-04-01,0.893545810000688,0.621143922212359,0.758720729430095
2007-05-01,0.892247179536277,0.604752175896538,0.747239998885697
2007-06-01,0.897901658545974,0.607153687762451,0.751586284139961
2007-07-01,0.907500556981414,0.619562565817740,0.765142180171786
2007-08-01,0.920852874574006,0.643138488125925,0.787633627351977
2007-09-01,0.928542957321185,0.655431959648489,0.800322917871140
2007-10-01,0.936379691784327,0.665708591721652,0.811538368109649
2007-11-01,0.950348981789141,0.687864535044553,0.834359361217924
2007-12-01,0.959464576086624,0.696476043033580,0.844407816264354
2008-01-01,0.965113230108307,0.697230935257262,0.847728394255109
2008-02-01,0.972991777639633,0.707394659954221,0.858128577725376
2008-03-01,0.977245065498203,0.718837614652544,0.867655380592946
2008-04-01,0.984867726843044,0.747136316760358,0.890227338056436
2008-05-01,0.996838678564354,0.786682067526993,0.921120436850085
2008-06-01,1.012117491493540,0.819734628621174,0.956029667930047
2008-07-01,1.032698066111030,0.863841399029168,1.001207743828120
2008-08-01,1.062404872607300,0.930623011249564,1.068534179407790
2008-09-01,1.089968606063390,1.011778298909040,1.140632243389880
2008-10-01,1.116962473524360,1.088936786178840,1.212300230129230
2008-11-01,1.115525562223540,1.082451813829070,1.211272671317770
2008-12-01,1.105591775818580,1.058517285161090,1.189377200710960
2009-01-01,1.095892239610260,1.046454314080470,1.172560997720040
2009-02-01,1.075986371589550,0.997827347891412,1.128049990988960
2009-03-01,1.059187426584800,0.946527433460551,1.084619487700340
2009-04-01,1.039622837398030,0.909610196874204,1.047262570785260
2009-05-01,1.023654100506640,0.882272453342323,1.018675195724680
2009-06-01,1.012524011553670,0.869168048057014,1.003931320526490
2009-07-01,1.000988977545600,0.851464503120123,0.983716189059427
2009-08-01,0.984293829209123,0.809556303593531,0.945505414969789
2009-09-01,0.969354148431418,0.783463932641971,0.917551717718348
2009-10-01,0.956811705633412,0.756292583802991,0.892624098856168
2009-11-01,0.948064461672647,0.743253892426527,0.876675243372481
2009-12-01,0.943852258745158,0.734237774963344,0.868011663198836
2010-01-01,0.942850756910475,0.735249649121152,0.867736637063367
2010-02-01,0.941951341429439,0.729792782597657,0.864337090960892
2010-03-01,0.935786134059094,0.721521347565117,0.853406646140264
2010-04-01,0.925673081293490,0.698644920228712,0.829238204273731
2010-05-01,0.920452796209259,0.688387647368398,0.816912895760251
2010-06-01,0.911200039341623,0.655070137489327,0.790986612975174
2010-07-01,0.901545508449327,0.636588910819367,0.774645975812479
2010-08-01,0.892973676925570,0.619350748822142,0.759048308706570
2010-09-01,0.888205971567686,0.611163485196504,0.751149810738381
2010-10-01,0.887877801880810,0.609861164137410,0.750188373050473
2010-11-01,0.885577492112595,0.606649002403497,0.745876365771803
2010-12-01,0.887081968953496,0.627307068767898,0.756366118534676
2011-01-01,0.885001890897085,0.625231823775649,0.754921535227669
2011-02-01,0.886596761576235,0.631991099481310,0.761161532326795
2011-03-01,0.887327923643208,0.630968487173344,0.761280538750709
2011-04-01,0.887147293359016,0.623541022804797,0.756765537615165
2011-05-01,0.887807404176659,0.620347691776089,0.754989335046370
2011-06-01,0.887342436772757,0.620060009166729,0.755033628785107
2011-07-01,0.888487067683799,0.627660592785021,0.761241171435442
2011-08-01,0.891783355424238,0.634166331358618,0.767980684301499
2011-09-01,0.888329622466433,0.622997192174876,0.759287334306306
2011-10-01,0.882749865583154,0.613630516932883,0.750271028085031
2011-11-01,0.875749063584822,0.600997993634297,0.737712075716581
2011-12-01,0.870445650219578,0.597438149206203,0.731995073229621
2012-01-01,0.865638763709308,0.588798337969855,0.724350031615501
2012-02-01,0.860261492723785,0.574881790367261,0.712329615836203
2012-03-01,0.857740214966105,0.572526410244372,0.709699097410549
2012-04-01,0.855727363245209,0.567288283326747,0.705106581569310
2012-05-01,0.857044171748305,0.569783418006393,0.708039632250732
2012-06-01,0.856172829436302,0.569757856574141,0.707140366965603
2012-07-01,0.857685900843116,0.575189634840601,0.711304559922944
2012-08-01,0.859848609161497,0.580447060207485,0.717468502176787
2012-09-01,0.856583304404624,0.579822830466766,0.714343003639363
2012-10-01,0.854054942711376,0.581542368117393,0.713250906622412
2012-11-01,0.854537337435532,0.591477957244408,0.719081303580793
2012-12-01,0.855499225311458,0.598502418555120,0.721484102735305
2013-01-01,0.858345676821704,0.594615256106710,0.721013512703021
2013-02-01,0.861582805750594,0.582485169040945,0.718607521761227
2013-03-01,0.862752718656571,0.572051200146545,0.714469036178659
2013-04-01,0.855919585057876,0.552924572029920,0.695490813600511
2013-05-01,0.852590672248454,0.545098204847788,0.687506303633355
2013-06-01,0.849327918853613,0.540877184305442,0.681632750844498
2013-07-01,0.847825546462516,0.543680133358041,0.682175897060423
2013-08-01,0.846611914969527,0.539667484068603,0.678971338110853
2013-09-01,0.841504330021930,0.529570248128687,0.669479241764200
2013-10-01,0.840251985002114,0.533758350828484,0.670534686198663
2013-11-01,0.841117746084691,0.534735430835950,0.672872637045576
2013-12-01,0.841389238099818,0.539657443085419,0.676153103236209
2014-01-01,0.841956813670052,0.548966976308942,0.681922103257815
2014-02-01,0.840386394730250,0.548035760625566,0.680643592922568
2014-03-01,0.836559949825761,0.539358922751088,0.672463663708825
2014-04-01,0.833896097850643,0.529516715293368,0.664159184754972
2014-05-01,0.834618388266464,0.527783337456673,0.663363449209398
2014-06-01,0.838267340568708,0.532045543416654,0.668380675714142
2014-07-01,0.845621019216160,0.544627834042070,0.680635433934829
2014-08-01,0.855022818163582,0.558285790611715,0.695582665976631
2014-09-01,0.862488482955680,0.567946551387144,0.707102741143445
2014-10-01,0.871396471948423,0.586646546673895,0.724874046780635
2014-11-01,0.883630925033778,0.610387699638715,0.748412349813577
2014-12-01,0.897694718543604,0.636201783107178,0.775029864020219
2015-01-01,0.910805027311533,0.660245911626696,0.799659043019521
2015-02-01,0.920351919298619,0.677936810476501,0.818620335897011
2015-03-01,0.917792951897366,0.676226455242315,0.813680719720583
2015-04-01,0.913897895085033,0.659309029615129,0.798579157795097
2015-05-01,0.911547091654340,0.646880369644055,0.788146467534539
2015-06-01,0.905283898350536,0.630157526363039,0.772552846384084
2015-07-01,0.902902472743083,0.622286573127928,0.766326371129819
2015-08-01,0.901497534981981,0.617588397652384,0.762748639040127
2015-09-01,0.900071437311032,0.619954051319624,0.763969115703801
2015-10-01,0.897422994345853,0.618329444009588,0.761871419535876
2015-11-01,0.898514406368931,0.627428823201590,0.767284455569259
2015-12-01,0.900209501300788,0.648574725365422,0.778736508945598
2016-01-01,0.899237961498015,0.642399481115838,0.775657544290558
2016-02-01,0.898111540250337,0.635592341291813,0.770083500155584
2016-03-01,0.897596492693607,0.627706367962247,0.765494856415034
2016-04-01,0.888917548384616,0.604812722551837,0.744898649462386
2016-05-01,0.883261688305499,0.589309486942847,0.731016974518175
2016-06-01,0.880658139543642,0.582847630451867,0.725382866992965
2016-07-01,0.881545922219390,0.580386625831472,0.724531857982425
2016-08-01,0.878822366183853,0.575409522615448,0.719436924894452
2016-09-01,0.876885930496215,0.571692120457596,0.715008954137486
2016-10-01,0.879814694785473,0.576702951988698,0.719053582225716
2016-11-01,0.885040345356372,0.588090718069667,0.729758900278216
2016-12-01,0.886208611128899,0.593202749552534,0.733414948618711
2017-01-01,0.880405303173137,0.588362506579698,0.726665139837350
2017-02-01,0.876301518224619,0.582487820687297,0.721099481818440
2017-03-01,0.875481614152054,0.579262041438170,0.718375474063442
2017-04-01,0.874266888980479,0.579659774914926,0.718609798576986
2017-05-01,0.874639560543405,0.578964981456243,0.719716929725164
2017-06-01,0.872027600007508,0.572777857980307,0.714670267446949
2017-07-01,0.869547476580644,0.572542286312000,0.713247327183751
2017-08-01,0.869007700450190,0.579083539514510,0.718079033624173
2017-09-01,0.869525134052485,0.585951268070627,0.723138308047079
2017-10-01,0.868580334865624,0.586617098436353,0.722434979100234
2017-11-01,0.866900536057036,0.576656812586605,0.714332902428732
2017-12-01,0.866405771064010,0.576118922748945,0.713094888926411
2018-01-01,0.869025625478551,0.582539884077234,0.717848657733636
2018-02-01,0.871358388442462,0.586651458747507,0.720493920680999
2018-03-01,0.869065931984530,0.579924937601692,0.715146105020208
2018-04-01,0.867803340000533,0.583024861014644,0.715333054078937
2018-05-01,0.868294063336589,0.587022870829116,0.718184953741850
2018-06-01,0.865292906898225,0.575440811014935,0.709707588378110
2018-07-01,0.863069291454038,0.566396059283029,0.703382601369491
2018-08-01,0.863479107148747,0.561570707842810,0.700778339084068
2018-09-01,0.866301896491626,0.562983057251162,0.704390924282119
2018-10-01,0.872532765671529,0.573766098125212,0.716002831804481
2018-11-01,0.881964272019887,0.592496202996705,0.734432057801788
2018-12-01,0.887027337086179,0.613424414904642,0.751039264507157
2019-01-01,0.889621489980782,0.615674617270788,0.754939262354561
2019-02-01,0.889838483585448,0.610101987435983,0.752272754810607
2019-03-01,0.889061924197692,0.607532079619427,0.749512929588298
2019-04-01,0.892535682443358,0.618720693979192,0.757641256003410
2019-05-01,0.896609214136277,0.618200296344343,0.759388376152063
2019-06-01,0.902192083662939,0.620669970178396,0.763127186066993
2019-07-01,0.907789542599634,0.627521055844799,0.769950766822536
2019-08-01,0.917226919028920,0.641333290032538,0.783861462242065
2019-09-01,0.927190640838835,0.657625775271168,0.800053686674004
2019-10-01,0.941678060595142,0.686480034253114,0.827047361723508
2019-11-01,0.960844764238923,0.724511707656245,0.863152735924806
2019-12-01,0.985303241301554,0.775009520722146,0.911389513055387
2020-01-01,1.021549518127500,0.853494090771534,0.984944806990561
2020-02-01,1.072661675228460,0.965460658567281,1.091378255460860
2020-03-01,1.146066431557490,1.162865013303490,1.264477721284690
2020-04-01,1.154255660172110,1.209644501123440,1.296472096835240
2020-05-01,1.154810200509210,1.235190099288620,1.310514509719280
2020-06-01,1.131650080051710,1.186692961759090,1.263338228547720
2020-07-01,1.100991358729010,1.108521734119990,1.194645238339490
2020-08-01,1.070169477754380,1.032220845177430,1.126578307314370
2020-09-01,1.044942484248110,0.952288281082920,1.064693156900720
2020-10-01,1.021959225734310,0.895144480511723,1.016283473553660
2020-11-01,1.008033141430620,0.865376355419557,0.990299986238209
2020-12-01,1.001785967456920,0.854694707409054,0.979357521685070
2021-01-01,0.999963905818445,0.858845123302864,0.979884162947759
2021-02-01,1.005972137015970,0.889395344777485,1.000395277302250
2021-03-01,1.008586987819950,0.887587483646657,1.004130847347560
2021-04-01,0.993870935679712,0.844939267720849,0.967825712510744
2021-05-01,0.983897214741780,0.821508098193784,0.943799870335643
2021-06-01,0.978525271562109,0.804051429553181,0.928635640186995
2021-07-01,0.976954905553192,0.788989716774145,0.920618398650469
2021-08-01,0.974921456268300,0.778317093248238,0.913273385183573
2021-09-01,0.977197243234903,0.785911245264085,0.918258775956244
2021-10-01,0.977729943172538,0.773344491212004,0.910586348518716
2021-11-01,0.977189073939019,0.765971885723010,0.905697828444443
2021-12-01,0.983534092043042,0.778359943323406,0.917643181838068
2022-01-01,0.996028200015681,0.804766170954433,0.942198612935675
2022-02-01,1.003756948770420,0.809169263454848,0.951070135681683
2022-03-01,1.012563668404020,0.815752506405643,0.960080199820492
2022-04-01,1.019876292463930,0.824264990504038,0.969644418066167
2022-05-01,1.024397495322400,0.826113633263470,0.972417719721801
2022-06-01,1.030894967099480,0.837340572823324,0.983729225694426
2022-07-01,1.039382110084650,0.850158136966877,0.998716220876445
2022-08-01,1.030115211423230,0.812036066975945,0.965417879111760
2022-09-01,1.025478489635070,0.792082314995523,0.947813574519045
2022-10-01,1.017957498858330,0.777574854194647,0.932947139253227
2022-11-01,1.012045511280790,0.777812711077691,0.928709240030699
2022-12-01,1.004927822290000,0.782040274179239,0.926317734750585
2023-01-01,0.998418149694567,0.776116364842746,0.920089052533210
2023-02-01,0.986072533146738,0.744550387643230,0.894382378485195
2023-03-01,0.976597889816417,0.728672067417242,0.878653880727405
2023-04-01,0.968246161588056,0.710931070821709,0.862030961942485
2023-05-01,0.959518612934478,0.695169315794369,0.846714836032640
2023-06-01,0.950802572096538,0.682372982523397,0.833179979169423
2023-07-01,0.945032742967819,0.668151318644060,0.820133506651186
2023-08-01,0.943575111649726,0.666304157286009,0.817780638655136
2023-09-01,0.940448266673721,0.657526584122902,0.810401702838504
2023-10-01,0.941841316113048,0.663301488337103,0.814710979731961
2023-11-01,0.938339783964691,0.662807687354629,0.810652954247670
2023-12-01,0.933472658406076,0.657918526314326,0.803578805646477
2024-01-01,0.929296156428671,0.662808747029539,0.802486860414292
2024-02-01,0.922320246896669,0.648136157429553,0.789127997066854
2024-03-01,0.913562352590758,0.627113964989504,0.770748423508562
2024-04-01,0.909821570747337,0.617825690663737,0.762371735612430
2024-05-01,0.906732653295370,0.612412207285664,0.756353150492410
2024-06-01,0.903249939131554,0.603282969693178,0.747977614262950
2024-07-01,0.903473966849552,0.603563622085733,0.747819373637283
2024-08-01,0.906177328585454,0.604374827337648,0.749284750336831
2024-09-01,0.906557988810373,0.606189322760011,0.750468346040152
2024-10-01,0.907375431100004,0.615075473449944,0.755809831044125
2024-11-01,0.905662155277586,0.619733766857136,0.759021653053646
2024-12-01,0.906558113365592,0.632814561148454,0.767728166063480
2025-01-01,0.909660168245787,0.641251832977142,0.775345567149614
2025-02-01,0.912145742185249,0.647055405318385,0.782494127293538
2025-03-01,0.915320929036950,0.651427703626698,0.788821014550446
2025-04-01,1.097101706126650,0.776109101193407,0.942877101471654