t,variable,value,scenario,is_baseline,regime,uncertainty,value_lo,value_hi
1,aluminium,0,GIRF — aluminium to uncertainty shock,TRUE,combined,jln,NA,NA
2,aluminium,0,GIRF — aluminium to uncertainty shock,TRUE,combined,jln,NA,NA
3,aluminium,0,GIRF — aluminium to uncertainty shock,TRUE,combined,jln,NA,NA
4,aluminium,0,GIRF — aluminium to uncertainty shock,TRUE,combined,jln,NA,NA
5,aluminium,0,GIRF — aluminium to uncertainty shock,TRUE,combined,jln,NA,NA
6,aluminium,0,GIRF — aluminium to uncertainty shock,TRUE,combined,jln,NA,NA
7,aluminium,0,GIRF — aluminium to uncertainty shock,TRUE,combined,jln,NA,NA
8,aluminium,0,GIRF — aluminium to uncertainty shock,TRUE,combined,jln,NA,NA
1,cocoa,0,GIRF — aluminium to uncertainty shock,TRUE,combined,jln,NA,NA
2,cocoa,0,GIRF — aluminium to uncertainty shock,TRUE,combined,jln,NA,NA
3,cocoa,0,GIRF — aluminium to uncertainty shock,TRUE,combined,jln,NA,NA
4,cocoa,0,GIRF — aluminium to uncertainty shock,TRUE,combined,jln,NA,NA
5,cocoa,0,GIRF — aluminium to uncertainty shock,TRUE,combined,jln,NA,NA
6,cocoa,0,GIRF — aluminium to uncertainty shock,TRUE,combined,jln,NA,NA
7,cocoa,0,GIRF — aluminium to uncertainty shock,TRUE,combined,jln,NA,NA
8,cocoa,0,GIRF — aluminium to uncertainty shock,TRUE,combined,jln,NA,NA
1,coffee_arabic,0,GIRF — aluminium to uncertainty shock,TRUE,combined,jln,NA,NA
2,coffee_arabic,0,GIRF — aluminium to uncertainty shock,TRUE,combined,jln,NA,NA
3,coffee_arabic,0,GIRF — aluminium to uncertainty shock,TRUE,combined,jln,NA,NA
4,coffee_arabic,0,GIRF — aluminium to uncertainty shock,TRUE,combined,jln,NA,NA
5,coffee_arabic,0,GIRF — aluminium to uncertainty shock,TRUE,combined,jln,NA,NA
6,coffee_arabic,0,GIRF — aluminium to uncertainty shock,TRUE,combined,jln,NA,NA
7,coffee_arabic,0,GIRF — aluminium to uncertainty shock,TRUE,combined,jln,NA,NA
8,coffee_arabic,0,GIRF — aluminium to uncertainty shock,TRUE,combined,jln,NA,NA
1,copper,0,GIRF — aluminium to uncertainty shock,TRUE,combined,jln,NA,NA
2,copper,0,GIRF — aluminium to uncertainty shock,TRUE,combined,jln,NA,NA
3,copper,0,GIRF — aluminium to uncertainty shock,TRUE,combined,jln,NA,NA
4,copper,0,GIRF — aluminium to uncertainty shock,TRUE,combined,jln,NA,NA
5,copper,0,GIRF — aluminium to uncertainty shock,TRUE,combined,jln,NA,NA
6,copper,0,GIRF — aluminium to uncertainty shock,TRUE,combined,jln,NA,NA
7,copper,0,GIRF — aluminium to uncertainty shock,TRUE,combined,jln,NA,NA
8,copper,0,GIRF — aluminium to uncertainty shock,TRUE,combined,jln,NA,NA
1,cotton_a_indx,0,GIRF — aluminium to uncertainty shock,TRUE,combined,jln,NA,NA
2,cotton_a_indx,0,GIRF — aluminium to uncertainty shock,TRUE,combined,jln,NA,NA
3,cotton_a_indx,0,GIRF — aluminium to uncertainty shock,TRUE,combined,jln,NA,NA
4,cotton_a_indx,0,GIRF — aluminium to uncertainty shock,TRUE,combined,jln,NA,NA
5,cotton_a_indx,0,GIRF — aluminium to uncertainty shock,TRUE,combined,jln,NA,NA
6,cotton_a_indx,0,GIRF — aluminium to uncertainty shock,TRUE,combined,jln,NA,NA
7,cotton_a_indx,0,GIRF — aluminium to uncertainty shock,TRUE,combined,jln,NA,NA
8,cotton_a_indx,0,GIRF — aluminium to uncertainty shock,TRUE,combined,jln,NA,NA
1,crude_wti,0,GIRF — aluminium to uncertainty shock,TRUE,combined,jln,NA,NA
2,crude_wti,0,GIRF — aluminium to uncertainty shock,TRUE,combined,jln,NA,NA
3,crude_wti,0,GIRF — aluminium to uncertainty shock,TRUE,combined,jln,NA,NA
4,crude_wti,0,GIRF — aluminium to uncertainty shock,TRUE,combined,jln,NA,NA
5,crude_wti,0,GIRF — aluminium to uncertainty shock,TRUE,combined,jln,NA,NA
6,crude_wti,0,GIRF — aluminium to uncertainty shock,TRUE,combined,jln,NA,NA
7,crude_wti,0,GIRF — aluminium to uncertainty shock,TRUE,combined,jln,NA,NA
8,crude_wti,0,GIRF — aluminium to uncertainty shock,TRUE,combined,jln,NA,NA
1,gold,0,GIRF — aluminium to uncertainty shock,TRUE,combined,jln,NA,NA
2,gold,0,GIRF — aluminium to uncertainty shock,TRUE,combined,jln,NA,NA
3,gold,0,GIRF — aluminium to uncertainty shock,TRUE,combined,jln,NA,NA
4,gold,0,GIRF — aluminium to uncertainty shock,TRUE,combined,jln,NA,NA
5,gold,0,GIRF — aluminium to uncertainty shock,TRUE,combined,jln,NA,NA
6,gold,0,GIRF — aluminium to uncertainty shock,TRUE,combined,jln,NA,NA
7,gold,0,GIRF — aluminium to uncertainty shock,TRUE,combined,jln,NA,NA
8,gold,0,GIRF — aluminium to uncertainty shock,TRUE,combined,jln,NA,NA
1,lead,0,GIRF — aluminium to uncertainty shock,TRUE,combined,jln,NA,NA
2,lead,0,GIRF — aluminium to uncertainty shock,TRUE,combined,jln,NA,NA
3,lead,0,GIRF — aluminium to uncertainty shock,TRUE,combined,jln,NA,NA
4,lead,0,GIRF — aluminium to uncertainty shock,TRUE,combined,jln,NA,NA
5,lead,0,GIRF — aluminium to uncertainty shock,TRUE,combined,jln,NA,NA
6,lead,0,GIRF — aluminium to uncertainty shock,TRUE,combined,jln,NA,NA
7,lead,0,GIRF — aluminium to uncertainty shock,TRUE,combined,jln,NA,NA
8,lead,0,GIRF — aluminium to uncertainty shock,TRUE,combined,jln,NA,NA
1,maize,0,GIRF — aluminium to uncertainty shock,TRUE,combined,jln,NA,NA
2,maize,0,GIRF — aluminium to uncertainty shock,TRUE,combined,jln,NA,NA
3,maize,0,GIRF — aluminium to uncertainty shock,TRUE,combined,jln,NA,NA
4,maize,0,GIRF — aluminium to uncertainty shock,TRUE,combined,jln,NA,NA
5,maize,0,GIRF — aluminium to uncertainty shock,TRUE,combined,jln,NA,NA
6,maize,0,GIRF — aluminium to uncertainty shock,TRUE,combined,jln,NA,NA
7,maize,0,GIRF — aluminium to uncertainty shock,TRUE,combined,jln,NA,NA
8,maize,0,GIRF — aluminium to uncertainty shock,TRUE,combined,jln,NA,NA
1,ngas_us,0,GIRF — aluminium to uncertainty shock,TRUE,combined,jln,NA,NA
2,ngas_us,0,GIRF — aluminium to uncertainty shock,TRUE,combined,jln,NA,NA
3,ngas_us,0,GIRF — aluminium to uncertainty shock,TRUE,combined,jln,NA,NA
4,ngas_us,0,GIRF — aluminium to uncertainty shock,TRUE,combined,jln,NA,NA
5,ngas_us,0,GIRF — aluminium to uncertainty shock,TRUE,combined,jln,NA,NA
6,ngas_us,0,GIRF — aluminium to uncertainty shock,TRUE,combined,jln,NA,NA
7,ngas_us,0,GIRF — aluminium to uncertainty shock,TRUE,combined,jln,NA,NA
8,ngas_us,0,GIRF — aluminium to uncertainty shock,TRUE,combined,jln,NA,NA
1,nickel,0,GIRF — aluminium to uncertainty shock,TRUE,combined,jln,NA,NA
2,nickel,0,GIRF — aluminium to uncertainty shock,TRUE,combined,jln,NA,NA
3,nickel,0,GIRF — aluminium to uncertainty shock,TRUE,combined,jln,NA,NA
4,nickel,0,GIRF — aluminium to uncertainty shock,TRUE,combined,jln,NA,NA
5,nickel,0,GIRF — aluminium to uncertainty shock,TRUE,combined,jln,NA,NA
6,nickel,0,GIRF — aluminium to uncertainty shock,TRUE,combined,jln,NA,NA
7,nickel,0,GIRF — aluminium to uncertainty shock,TRUE,combined,jln,NA,NA
8,nickel,0,GIRF — aluminium to uncertainty shock,TRUE,combined,jln,NA,NA
1,platinum,0,GIRF — aluminium to uncertainty shock,TRUE,combined,jln,NA,NA
2,platinum,0,GIRF — aluminium to uncertainty shock,TRUE,combined,jln,NA,NA
3,platinum,0,GIRF — aluminium to uncertainty shock,TRUE,combined,jln,NA,NA
4,platinum,0,GIRF — aluminium to uncertainty shock,TRUE,combined,jln,NA,NA
5,platinum,0,GIRF — aluminium to uncertainty shock,TRUE,combined,jln,NA,NA
6,platinum,0,GIRF — aluminium to uncertainty shock,TRUE,combined,jln,NA,NA
7,platinum,0,GIRF — aluminium to uncertainty shock,TRUE,combined,jln,NA,NA
8,platinum,0,GIRF — aluminium to uncertainty shock,TRUE,combined,jln,NA,NA
1,silver,0,GIRF — aluminium to uncertainty shock,TRUE,combined,jln,NA,NA
2,silver,0,GIRF — aluminium to uncertainty shock,TRUE,combined,jln,NA,NA
3,silver,0,GIRF — aluminium to uncertainty shock,TRUE,combined,jln,NA,NA
4,silver,0,GIRF — aluminium to uncertainty shock,TRUE,combined,jln,NA,NA
5,silver,0,GIRF — aluminium to uncertainty shock,TRUE,combined,jln,NA,NA
6,silver,0,GIRF — aluminium to uncertainty shock,TRUE,combined,jln,NA,NA
7,silver,0,GIRF — aluminium to uncertainty shock,TRUE,combined,jln,NA,NA
8,silver,0,GIRF — aluminium to uncertainty shock,TRUE,combined,jln,NA,NA
1,soybeans,0,GIRF — aluminium to uncertainty shock,TRUE,combined,jln,NA,NA
2,soybeans,0,GIRF — aluminium to uncertainty shock,TRUE,combined,jln,NA,NA
3,soybeans,0,GIRF — aluminium to uncertainty shock,TRUE,combined,jln,NA,NA
4,soybeans,0,GIRF — aluminium to uncertainty shock,TRUE,combined,jln,NA,NA
5,soybeans,0,GIRF — aluminium to uncertainty shock,TRUE,combined,jln,NA,NA
6,soybeans,0,GIRF — aluminium to uncertainty shock,TRUE,combined,jln,NA,NA
7,soybeans,0,GIRF — aluminium to uncertainty shock,TRUE,combined,jln,NA,NA
8,soybeans,0,GIRF — aluminium to uncertainty shock,TRUE,combined,jln,NA,NA
1,sugar_wld,0,GIRF — aluminium to uncertainty shock,TRUE,combined,jln,NA,NA
2,sugar_wld,0,GIRF — aluminium to uncertainty shock,TRUE,combined,jln,NA,NA
3,sugar_wld,0,GIRF — aluminium to uncertainty shock,TRUE,combined,jln,NA,NA
4,sugar_wld,0,GIRF — aluminium to uncertainty shock,TRUE,combined,jln,NA,NA
5,sugar_wld,0,GIRF — aluminium to uncertainty shock,TRUE,combined,jln,NA,NA
6,sugar_wld,0,GIRF — aluminium to uncertainty shock,TRUE,combined,jln,NA,NA
7,sugar_wld,0,GIRF — aluminium to uncertainty shock,TRUE,combined,jln,NA,NA
8,sugar_wld,0,GIRF — aluminium to uncertainty shock,TRUE,combined,jln,NA,NA
1,tin,0,GIRF — aluminium to uncertainty shock,TRUE,combined,jln,NA,NA
2,tin,0,GIRF — aluminium to uncertainty shock,TRUE,combined,jln,NA,NA
3,tin,0,GIRF — aluminium to uncertainty shock,TRUE,combined,jln,NA,NA
4,tin,0,GIRF — aluminium to uncertainty shock,TRUE,combined,jln,NA,NA
5,tin,0,GIRF — aluminium to uncertainty shock,TRUE,combined,jln,NA,NA
6,tin,0,GIRF — aluminium to uncertainty shock,TRUE,combined,jln,NA,NA
7,tin,0,GIRF — aluminium to uncertainty shock,TRUE,combined,jln,NA,NA
8,tin,0,GIRF — aluminium to uncertainty shock,TRUE,combined,jln,NA,NA
1,wheat_us_hrw,0,GIRF — aluminium to uncertainty shock,TRUE,combined,jln,NA,NA
2,wheat_us_hrw,0,GIRF — aluminium to uncertainty shock,TRUE,combined,jln,NA,NA
3,wheat_us_hrw,0,GIRF — aluminium to uncertainty shock,TRUE,combined,jln,NA,NA
4,wheat_us_hrw,0,GIRF — aluminium to uncertainty shock,TRUE,combined,jln,NA,NA
5,wheat_us_hrw,0,GIRF — aluminium to uncertainty shock,TRUE,combined,jln,NA,NA
6,wheat_us_hrw,0,GIRF — aluminium to uncertainty shock,TRUE,combined,jln,NA,NA
7,wheat_us_hrw,0,GIRF — aluminium to uncertainty shock,TRUE,combined,jln,NA,NA
8,wheat_us_hrw,0,GIRF — aluminium to uncertainty shock,TRUE,combined,jln,NA,NA
1,zinc,0,GIRF — aluminium to uncertainty shock,TRUE,combined,jln,NA,NA
2,zinc,0,GIRF — aluminium to uncertainty shock,TRUE,combined,jln,NA,NA
3,zinc,0,GIRF — aluminium to uncertainty shock,TRUE,combined,jln,NA,NA
4,zinc,0,GIRF — aluminium to uncertainty shock,TRUE,combined,jln,NA,NA
5,zinc,0,GIRF — aluminium to uncertainty shock,TRUE,combined,jln,NA,NA
6,zinc,0,GIRF — aluminium to uncertainty shock,TRUE,combined,jln,NA,NA
7,zinc,0,GIRF — aluminium to uncertainty shock,TRUE,combined,jln,NA,NA
8,zinc,0,GIRF — aluminium to uncertainty shock,TRUE,combined,jln,NA,NA
1,aluminium,0,GIRF — aluminium to uncertainty shock,FALSE,combined,jln,NA,NA
2,aluminium,1,GIRF — aluminium to uncertainty shock,FALSE,combined,jln,NA,NA
3,aluminium,0.14142108124163222,GIRF — aluminium to uncertainty shock,FALSE,combined,jln,NA,NA
4,aluminium,0.03154380878755716,GIRF — aluminium to uncertainty shock,FALSE,combined,jln,NA,NA
5,aluminium,0.012112265437411604,GIRF — aluminium to uncertainty shock,FALSE,combined,jln,NA,NA
6,aluminium,0.00469075209686058,GIRF — aluminium to uncertainty shock,FALSE,combined,jln,NA,NA
7,aluminium,0.00137659352662869,GIRF — aluminium to uncertainty shock,FALSE,combined,jln,NA,NA
8,aluminium,-6.501521323368654e-5,GIRF — aluminium to uncertainty shock,FALSE,combined,jln,NA,NA
1,cocoa,0,GIRF — aluminium to uncertainty shock,FALSE,combined,jln,NA,NA
2,cocoa,0,GIRF — aluminium to uncertainty shock,FALSE,combined,jln,NA,NA
3,cocoa,-0.016157121481406578,GIRF — aluminium to uncertainty shock,FALSE,combined,jln,NA,NA
4,cocoa,0.013347885664161842,GIRF — aluminium to uncertainty shock,FALSE,combined,jln,NA,NA
5,cocoa,-5.596827618495597e-4,GIRF — aluminium to uncertainty shock,FALSE,combined,jln,NA,NA
6,cocoa,-0.0037357702632069348,GIRF — aluminium to uncertainty shock,FALSE,combined,jln,NA,NA
7,cocoa,-0.00269821526406457,GIRF — aluminium to uncertainty shock,FALSE,combined,jln,NA,NA
8,cocoa,-0.0016034362987753948,GIRF — aluminium to uncertainty shock,FALSE,combined,jln,NA,NA
1,coffee_arabic,0,GIRF — aluminium to uncertainty shock,FALSE,combined,jln,NA,NA
2,coffee_arabic,0,GIRF — aluminium to uncertainty shock,FALSE,combined,jln,NA,NA
3,coffee_arabic,0.011391146326280362,GIRF — aluminium to uncertainty shock,FALSE,combined,jln,NA,NA
4,coffee_arabic,0.00786876698318399,GIRF — aluminium to uncertainty shock,FALSE,combined,jln,NA,NA
5,coffee_arabic,0.005963825379506436,GIRF — aluminium to uncertainty shock,FALSE,combined,jln,NA,NA
6,coffee_arabic,0.00241204889014286,GIRF — aluminium to uncertainty shock,FALSE,combined,jln,NA,NA
7,coffee_arabic,7.037581311544015e-4,GIRF — aluminium to uncertainty shock,FALSE,combined,jln,NA,NA
8,coffee_arabic,1.906851218593249e-5,GIRF — aluminium to uncertainty shock,FALSE,combined,jln,NA,NA
1,copper,0,GIRF — aluminium to uncertainty shock,FALSE,combined,jln,NA,NA
2,copper,0,GIRF — aluminium to uncertainty shock,FALSE,combined,jln,NA,NA
3,copper,0.021786095044570058,GIRF — aluminium to uncertainty shock,FALSE,combined,jln,NA,NA
4,copper,0.032664031376472565,GIRF — aluminium to uncertainty shock,FALSE,combined,jln,NA,NA
5,copper,0.01575734696537213,GIRF — aluminium to uncertainty shock,FALSE,combined,jln,NA,NA
6,copper,0.005222779571300035,GIRF — aluminium to uncertainty shock,FALSE,combined,jln,NA,NA
7,copper,9.49065024730405e-4,GIRF — aluminium to uncertainty shock,FALSE,combined,jln,NA,NA
8,copper,-4.2681713585831507e-4,GIRF — aluminium to uncertainty shock,FALSE,combined,jln,NA,NA
1,cotton_a_indx,0,GIRF — aluminium to uncertainty shock,FALSE,combined,jln,NA,NA
2,cotton_a_indx,0,GIRF — aluminium to uncertainty shock,FALSE,combined,jln,NA,NA
3,cotton_a_indx,0.10089666224974993,GIRF — aluminium to uncertainty shock,FALSE,combined,jln,NA,NA
4,cotton_a_indx,0.06743541717821246,GIRF — aluminium to uncertainty shock,FALSE,combined,jln,NA,NA
5,cotton_a_indx,0.03288493686978291,GIRF — aluminium to uncertainty shock,FALSE,combined,jln,NA,NA
6,cotton_a_indx,0.012661487935256635,GIRF — aluminium to uncertainty shock,FALSE,combined,jln,NA,NA
7,cotton_a_indx,0.003806191812160685,GIRF — aluminium to uncertainty shock,FALSE,combined,jln,NA,NA
8,cotton_a_indx,6.344151918497801e-4,GIRF — aluminium to uncertainty shock,FALSE,combined,jln,NA,NA
1,crude_wti,0,GIRF — aluminium to uncertainty shock,FALSE,combined,jln,NA,NA
2,crude_wti,0,GIRF — aluminium to uncertainty shock,FALSE,combined,jln,NA,NA
3,crude_wti,-0.11562255935012286,GIRF — aluminium to uncertainty shock,FALSE,combined,jln,NA,NA
4,crude_wti,-0.0053087320007665995,GIRF — aluminium to uncertainty shock,FALSE,combined,jln,NA,NA
5,crude_wti,0.013692045222450766,GIRF — aluminium to uncertainty shock,FALSE,combined,jln,NA,NA
6,crude_wti,0.00826100203982201,GIRF — aluminium to uncertainty shock,FALSE,combined,jln,NA,NA
7,crude_wti,0.003464047266484568,GIRF — aluminium to uncertainty shock,FALSE,combined,jln,NA,NA
8,crude_wti,0.0011635211862219804,GIRF — aluminium to uncertainty shock,FALSE,combined,jln,NA,NA
1,gold,0,GIRF — aluminium to uncertainty shock,FALSE,combined,jln,NA,NA
2,gold,0,GIRF — aluminium to uncertainty shock,FALSE,combined,jln,NA,NA
3,gold,0.015706725267875823,GIRF — aluminium to uncertainty shock,FALSE,combined,jln,NA,NA
4,gold,-0.019252535980468947,GIRF — aluminium to uncertainty shock,FALSE,combined,jln,NA,NA
5,gold,-0.013833145798564615,GIRF — aluminium to uncertainty shock,FALSE,combined,jln,NA,NA
6,gold,-0.007083177514060675,GIRF — aluminium to uncertainty shock,FALSE,combined,jln,NA,NA
7,gold,-0.0032418271171815987,GIRF — aluminium to uncertainty shock,FALSE,combined,jln,NA,NA
8,gold,-0.0014756731889790512,GIRF — aluminium to uncertainty shock,FALSE,combined,jln,NA,NA
1,lead,0,GIRF — aluminium to uncertainty shock,FALSE,combined,jln,NA,NA
2,lead,0,GIRF — aluminium to uncertainty shock,FALSE,combined,jln,NA,NA
3,lead,-0.09978151456382013,GIRF — aluminium to uncertainty shock,FALSE,combined,jln,NA,NA
4,lead,-0.005919130484786657,GIRF — aluminium to uncertainty shock,FALSE,combined,jln,NA,NA
5,lead,0.004302892173415203,GIRF — aluminium to uncertainty shock,FALSE,combined,jln,NA,NA
6,lead,0.00106825183956708,GIRF — aluminium to uncertainty shock,FALSE,combined,jln,NA,NA
7,lead,-6.1936450301335e-4,GIRF — aluminium to uncertainty shock,FALSE,combined,jln,NA,NA
8,lead,-9.98081618143402e-4,GIRF — aluminium to uncertainty shock,FALSE,combined,jln,NA,NA
1,maize,0,GIRF — aluminium to uncertainty shock,FALSE,combined,jln,NA,NA
2,maize,0,GIRF — aluminium to uncertainty shock,FALSE,combined,jln,NA,NA
3,maize,-0.06290894631360443,GIRF — aluminium to uncertainty shock,FALSE,combined,jln,NA,NA
4,maize,-0.016779273136794965,GIRF — aluminium to uncertainty shock,FALSE,combined,jln,NA,NA
5,maize,0.002050337152370319,GIRF — aluminium to uncertainty shock,FALSE,combined,jln,NA,NA
6,maize,0.0038697734116433847,GIRF — aluminium to uncertainty shock,FALSE,combined,jln,NA,NA
7,maize,0.001698883575071005,GIRF — aluminium to uncertainty shock,FALSE,combined,jln,NA,NA
8,maize,0.00059343379492020495,GIRF — aluminium to uncertainty shock,FALSE,combined,jln,NA,NA
1,ngas_us,0,GIRF — aluminium to uncertainty shock,FALSE,combined,jln,NA,NA
2,ngas_us,0,GIRF — aluminium to uncertainty shock,FALSE,combined,jln,NA,NA
3,ngas_us,0.07789907188496537,GIRF — aluminium to uncertainty shock,FALSE,combined,jln,NA,NA
4,ngas_us,0.010809636944782479,GIRF — aluminium to uncertainty shock,FALSE,combined,jln,NA,NA
5,ngas_us,0.003789981719431985,GIRF — aluminium to uncertainty shock,FALSE,combined,jln,NA,NA
6,ngas_us,0.00339088467203747,GIRF — aluminium to uncertainty shock,FALSE,combined,jln,NA,NA
7,ngas_us,0.002484914626332135,GIRF — aluminium to uncertainty shock,FALSE,combined,jln,NA,NA
8,ngas_us,0.001468114868212213,GIRF — aluminium to uncertainty shock,FALSE,combined,jln,NA,NA
1,nickel,0,GIRF — aluminium to uncertainty shock,FALSE,combined,jln,NA,NA
2,nickel,0,GIRF — aluminium to uncertainty shock,FALSE,combined,jln,NA,NA
3,nickel,0.047952036905208884,GIRF — aluminium to uncertainty shock,FALSE,combined,jln,NA,NA
4,nickel,0.0016190489052122503,GIRF — aluminium to uncertainty shock,FALSE,combined,jln,NA,NA
5,nickel,-0.004092343434361905,GIRF — aluminium to uncertainty shock,FALSE,combined,jln,NA,NA
6,nickel,-0.0014442639967765147,GIRF — aluminium to uncertainty shock,FALSE,combined,jln,NA,NA
7,nickel,-5.548859354875165e-4,GIRF — aluminium to uncertainty shock,FALSE,combined,jln,NA,NA
8,nickel,-3.302017362267215e-4,GIRF — aluminium to uncertainty shock,FALSE,combined,jln,NA,NA
1,platinum,0,GIRF — aluminium to uncertainty shock,FALSE,combined,jln,NA,NA
2,platinum,0,GIRF — aluminium to uncertainty shock,FALSE,combined,jln,NA,NA
3,platinum,0.015458984009000485,GIRF — aluminium to uncertainty shock,FALSE,combined,jln,NA,NA
4,platinum,-0.0011279007785899003,GIRF — aluminium to uncertainty shock,FALSE,combined,jln,NA,NA
5,platinum,0.0026007278659112153,GIRF — aluminium to uncertainty shock,FALSE,combined,jln,NA,NA
6,platinum,3.5817350052151365e-4,GIRF — aluminium to uncertainty shock,FALSE,combined,jln,NA,NA
7,platinum,-5.148104129622399e-4,GIRF — aluminium to uncertainty shock,FALSE,combined,jln,NA,NA
8,platinum,-5.654217975554659e-4,GIRF — aluminium to uncertainty shock,FALSE,combined,jln,NA,NA
1,silver,0,GIRF — aluminium to uncertainty shock,FALSE,combined,jln,NA,NA
2,silver,0,GIRF — aluminium to uncertainty shock,FALSE,combined,jln,NA,NA
3,silver,0.02793456298790397,GIRF — aluminium to uncertainty shock,FALSE,combined,jln,NA,NA
4,silver,0.0025784354785957156,GIRF — aluminium to uncertainty shock,FALSE,combined,jln,NA,NA
5,silver,-0.0030111063407804103,GIRF — aluminium to uncertainty shock,FALSE,combined,jln,NA,NA
6,silver,-0.0034486816994988485,GIRF — aluminium to uncertainty shock,FALSE,combined,jln,NA,NA
7,silver,-0.0023594152397193482,GIRF — aluminium to uncertainty shock,FALSE,combined,jln,NA,NA
8,silver,-0.0015312280470848373,GIRF — aluminium to uncertainty shock,FALSE,combined,jln,NA,NA
1,soybeans,0,GIRF — aluminium to uncertainty shock,FALSE,combined,jln,NA,NA
2,soybeans,0,GIRF — aluminium to uncertainty shock,FALSE,combined,jln,NA,NA
3,soybeans,-0.011132245734481716,GIRF — aluminium to uncertainty shock,FALSE,combined,jln,NA,NA
4,soybeans,-0.02367890016992011,GIRF — aluminium to uncertainty shock,FALSE,combined,jln,NA,NA
5,soybeans,-0.011434956134335615,GIRF — aluminium to uncertainty shock,FALSE,combined,jln,NA,NA
6,soybeans,-0.004114062538359615,GIRF — aluminium to uncertainty shock,FALSE,combined,jln,NA,NA
7,soybeans,-0.00148761079665812,GIRF — aluminium to uncertainty shock,FALSE,combined,jln,NA,NA
8,soybeans,-5.329205747863568e-4,GIRF — aluminium to uncertainty shock,FALSE,combined,jln,NA,NA
1,sugar_wld,0,GIRF — aluminium to uncertainty shock,FALSE,combined,jln,NA,NA
2,sugar_wld,0,GIRF — aluminium to uncertainty shock,FALSE,combined,jln,NA,NA
3,sugar_wld,0.06988102585827238,GIRF — aluminium to uncertainty shock,FALSE,combined,jln,NA,NA
4,sugar_wld,0.06275672195290298,GIRF — aluminium to uncertainty shock,FALSE,combined,jln,NA,NA
5,sugar_wld,0.02558461481632392,GIRF — aluminium to uncertainty shock,FALSE,combined,jln,NA,NA
6,sugar_wld,0.008661436676048226,GIRF — aluminium to uncertainty shock,FALSE,combined,jln,NA,NA
7,sugar_wld,0.002445375738923965,GIRF — aluminium to uncertainty shock,FALSE,combined,jln,NA,NA
8,sugar_wld,3.4022947912085535e-4,GIRF — aluminium to uncertainty shock,FALSE,combined,jln,NA,NA
1,tin,0,GIRF — aluminium to uncertainty shock,FALSE,combined,jln,NA,NA
2,tin,0,GIRF — aluminium to uncertainty shock,FALSE,combined,jln,NA,NA
3,tin,0.022014069531482376,GIRF — aluminium to uncertainty shock,FALSE,combined,jln,NA,NA
4,tin,0.028950785320621796,GIRF — aluminium to uncertainty shock,FALSE,combined,jln,NA,NA
5,tin,0.014854255897557829,GIRF — aluminium to uncertainty shock,FALSE,combined,jln,NA,NA
6,tin,0.006347467688903115,GIRF — aluminium to uncertainty shock,FALSE,combined,jln,NA,NA
7,tin,0.0028952033679498345,GIRF — aluminium to uncertainty shock,FALSE,combined,jln,NA,NA
8,tin,0.00135995839830043,GIRF — aluminium to uncertainty shock,FALSE,combined,jln,NA,NA
1,wheat_us_hrw,0,GIRF — aluminium to uncertainty shock,FALSE,combined,jln,NA,NA
2,wheat_us_hrw,0,GIRF — aluminium to uncertainty shock,FALSE,combined,jln,NA,NA
3,wheat_us_hrw,0.06824839992087336,GIRF — aluminium to uncertainty shock,FALSE,combined,jln,NA,NA
4,wheat_us_hrw,6.357012726220315e-4,GIRF — aluminium to uncertainty shock,FALSE,combined,jln,NA,NA
5,wheat_us_hrw,-0.0022130606900024503,GIRF — aluminium to uncertainty shock,FALSE,combined,jln,NA,NA
6,wheat_us_hrw,-0.0011572845598272,GIRF — aluminium to uncertainty shock,FALSE,combined,jln,NA,NA
7,wheat_us_hrw,-8.299666128801298e-4,GIRF — aluminium to uncertainty shock,FALSE,combined,jln,NA,NA
8,wheat_us_hrw,-3.7474710061586496e-4,GIRF — aluminium to uncertainty shock,FALSE,combined,jln,NA,NA
1,zinc,0,GIRF — aluminium to uncertainty shock,FALSE,combined,jln,NA,NA
2,zinc,0,GIRF — aluminium to uncertainty shock,FALSE,combined,jln,NA,NA
3,zinc,0.048982793489557336,GIRF — aluminium to uncertainty shock,FALSE,combined,jln,NA,NA
4,zinc,0.06085862719860208,GIRF — aluminium to uncertainty shock,FALSE,combined,jln,NA,NA
5,zinc,0.029529931243155793,GIRF — aluminium to uncertainty shock,FALSE,combined,jln,NA,NA
6,zinc,0.01107544490473515,GIRF — aluminium to uncertainty shock,FALSE,combined,jln,NA,NA
7,zinc,0.0034500081649103793,GIRF — aluminium to uncertainty shock,FALSE,combined,jln,NA,NA
8,zinc,5.252484466904178e-4,GIRF — aluminium to uncertainty shock,FALSE,combined,jln,NA,NA
