"DATE,""TIME PERIOD"",""CISS - Composite Indicator of Systemic Stress (CISS.D.U2.Z0Z.4F.EC.SS_CI.IDX)"""
"1999-01-08,""08 Jan 1999"",""0.0941"""
"1999-01-15,""15 Jan 1999"",""0.1963"""
"1999-01-22,""22 Jan 1999"",""0.1876"""
"1999-01-29,""29 Jan 1999"",""0.1489"""
"1999-02-05,""05 Feb 1999"",""0.1746"""
"1999-02-12,""12 Feb 1999"",""0.2126"""
"1999-02-19,""19 Feb 1999"",""0.2173"""
"1999-02-26,""26 Feb 1999"",""0.2000"""
"1999-03-05,""05 Mar 1999"",""0.1665"""
"1999-03-12,""12 Mar 1999"",""0.1550"""
"1999-03-19,""19 Mar 1999"",""0.0762"""
"1999-03-26,""26 Mar 1999"",""0.1233"""
"1999-04-02,""02 Apr 1999"",""0.0867"""
"1999-04-09,""09 Apr 1999"",""0.0925"""
"1999-04-16,""16 Apr 1999"",""0.0645"""
"1999-04-23,""23 Apr 1999"",""0.1054"""
"1999-04-30,""30 Apr 1999"",""0.0746"""
"1999-05-07,""07 May 1999"",""0.0618"""
"1999-05-14,""14 May 1999"",""0.0567"""
"1999-05-21,""21 May 1999"",""0.0565"""
"1999-05-28,""28 May 1999"",""0.0568"""
"1999-06-04,""04 Jun 1999"",""0.0495"""
"1999-06-11,""11 Jun 1999"",""0.0535"""
"1999-06-18,""18 Jun 1999"",""0.0485"""
"1999-06-25,""25 Jun 1999"",""0.0400"""
"1999-07-02,""02 Jul 1999"",""0.0421"""
"1999-07-09,""09 Jul 1999"",""0.0271"""
"1999-07-16,""16 Jul 1999"",""0.0342"""
"1999-07-23,""23 Jul 1999"",""0.0867"""
"1999-07-30,""30 Jul 1999"",""0.0873"""
"1999-08-06,""06 Aug 1999"",""0.0819"""
"1999-08-13,""13 Aug 1999"",""0.0827"""
"1999-08-20,""20 Aug 1999"",""0.0836"""
"1999-08-27,""27 Aug 1999"",""0.0688"""
"1999-09-03,""03 Sep 1999"",""0.0604"""
"1999-09-10,""10 Sep 1999"",""0.0572"""
"1999-09-17,""17 Sep 1999"",""0.0583"""
"1999-09-24,""24 Sep 1999"",""0.0699"""
"1999-10-01,""01 Oct 1999"",""0.0730"""
"1999-10-08,""08 Oct 1999"",""0.0785"""
"1999-10-15,""15 Oct 1999"",""0.1061"""
"1999-10-22,""22 Oct 1999"",""0.1067"""
"1999-10-29,""29 Oct 1999"",""0.1033"""
"1999-11-05,""05 Nov 1999"",""0.0562"""
"1999-11-12,""12 Nov 1999"",""0.0497"""
"1999-11-19,""19 Nov 1999"",""0.0547"""
"1999-11-26,""26 Nov 1999"",""0.0617"""
"1999-12-03,""03 Dec 1999"",""0.0518"""
"1999-12-10,""10 Dec 1999"",""0.0735"""
"1999-12-17,""17 Dec 1999"",""0.0650"""
"1999-12-24,""24 Dec 1999"",""0.0610"""
"1999-12-31,""31 Dec 1999"",""0.0582"""
"2000-01-07,""07 Jan 2000"",""0.1041"""
"2000-01-14,""14 Jan 2000"",""0.0772"""
"2000-01-21,""21 Jan 2000"",""0.0561"""
"2000-01-28,""28 Jan 2000"",""0.0921"""
"2000-02-04,""04 Feb 2000"",""0.0841"""
"2000-02-11,""11 Feb 2000"",""0.0670"""
"2000-02-18,""18 Feb 2000"",""0.0523"""
"2000-02-25,""25 Feb 2000"",""0.0912"""
"2000-03-03,""03 Mar 2000"",""0.0768"""
"2000-03-10,""10 Mar 2000"",""0.0779"""
"2000-03-17,""17 Mar 2000"",""0.0699"""
"2000-03-24,""24 Mar 2000"",""0.0654"""
"2000-03-31,""31 Mar 2000"",""0.1096"""
"2000-04-07,""07 Apr 2000"",""0.1111"""
"2000-04-14,""14 Apr 2000"",""0.1472"""
"2000-04-21,""21 Apr 2000"",""0.1240"""
"2000-04-28,""28 Apr 2000"",""0.1864"""
"2000-05-05,""05 May 2000"",""0.2135"""
"2000-05-12,""12 May 2000"",""0.2020"""
"2000-05-19,""19 May 2000"",""0.1780"""
"2000-05-26,""26 May 2000"",""0.2481"""
"2000-06-02,""02 Jun 2000"",""0.2242"""
"2000-06-09,""09 Jun 2000"",""0.1491"""
"2000-06-16,""16 Jun 2000"",""0.1245"""
"2000-06-23,""23 Jun 2000"",""0.1726"""
"2000-06-30,""30 Jun 2000"",""0.1768"""
"2000-07-07,""07 Jul 2000"",""0.1240"""
"2000-07-14,""14 Jul 2000"",""0.1191"""
"2000-07-21,""21 Jul 2000"",""0.1753"""
"2000-07-28,""28 Jul 2000"",""0.1654"""
"2000-08-04,""04 Aug 2000"",""0.1875"""
"2000-08-11,""11 Aug 2000"",""0.1428"""
"2000-08-18,""18 Aug 2000"",""0.1150"""
"2000-08-25,""25 Aug 2000"",""0.1020"""
"2000-09-01,""01 Sep 2000"",""0.1374"""
"2000-09-08,""08 Sep 2000"",""0.1746"""
"2000-09-15,""15 Sep 2000"",""0.1428"""
"2000-09-22,""22 Sep 2000"",""0.1871"""
"2000-09-29,""29 Sep 2000"",""0.1461"""
"2000-10-06,""06 Oct 2000"",""0.1333"""
"2000-10-13,""13 Oct 2000"",""0.2041"""
"2000-10-20,""20 Oct 2000"",""0.2331"""
"2000-10-27,""27 Oct 2000"",""0.2253"""
"2000-11-03,""03 Nov 2000"",""0.1479"""
"2000-11-10,""10 Nov 2000"",""0.1399"""
"2000-11-17,""17 Nov 2000"",""0.1466"""
"2000-11-24,""24 Nov 2000"",""0.1798"""
"2000-12-01,""01 Dec 2000"",""0.2089"""
"2000-12-08,""08 Dec 2000"",""0.1749"""
"2000-12-15,""15 Dec 2000"",""0.1761"""
"2000-12-22,""22 Dec 2000"",""0.2041"""
"2000-12-29,""29 Dec 2000"",""0.1312"""
"2001-01-05,""05 Jan 2001"",""0.2424"""
"2001-01-12,""12 Jan 2001"",""0.2391"""
"2001-01-19,""19 Jan 2001"",""0.2074"""
"2001-01-26,""26 Jan 2001"",""0.1203"""
"2001-02-02,""02 Feb 2001"",""0.1511"""
"2001-02-09,""09 Feb 2001"",""0.1401"""
"2001-02-16,""16 Feb 2001"",""0.1890"""
"2001-02-23,""23 Feb 2001"",""0.1911"""
"2001-03-02,""02 Mar 2001"",""0.1835"""
"2001-03-09,""09 Mar 2001"",""0.0933"""
"2001-03-16,""16 Mar 2001"",""0.1383"""
"2001-03-23,""23 Mar 2001"",""0.1888"""
"2001-03-30,""30 Mar 2001"",""0.1730"""
"2001-04-06,""06 Apr 2001"",""0.1863"""
"2001-04-13,""13 Apr 2001"",""0.2069"""
"2001-04-20,""20 Apr 2001"",""0.2160"""
"2001-04-27,""27 Apr 2001"",""0.1974"""
"2001-05-04,""04 May 2001"",""0.1229"""
"2001-05-11,""11 May 2001"",""0.1234"""
"2001-05-18,""18 May 2001"",""0.0967"""
"2001-05-25,""25 May 2001"",""0.1357"""
"2001-06-01,""01 Jun 2001"",""0.1071"""
"2001-06-08,""08 Jun 2001"",""0.1011"""
"2001-06-15,""15 Jun 2001"",""0.1118"""
"2001-06-22,""22 Jun 2001"",""0.0934"""
"2001-06-29,""29 Jun 2001"",""0.1673"""
"2001-07-06,""06 Jul 2001"",""0.1771"""
"2001-07-13,""13 Jul 2001"",""0.1746"""
"2001-07-20,""20 Jul 2001"",""0.1867"""
"2001-07-27,""27 Jul 2001"",""0.1476"""
"2001-08-03,""03 Aug 2001"",""0.1090"""
"2001-08-10,""10 Aug 2001"",""0.1258"""
"2001-08-17,""17 Aug 2001"",""0.1697"""
"2001-08-24,""24 Aug 2001"",""0.1361"""
"2001-08-31,""31 Aug 2001"",""0.1723"""
"2001-09-07,""07 Sep 2001"",""0.2882"""
"2001-09-14,""14 Sep 2001"",""0.3316"""
"2001-09-21,""21 Sep 2001"",""0.3956"""
"2001-09-28,""28 Sep 2001"",""0.3806"""
"2001-10-05,""05 Oct 2001"",""0.3948"""
"2001-10-12,""12 Oct 2001"",""0.3269"""
"2001-10-19,""19 Oct 2001"",""0.3194"""
"2001-10-26,""26 Oct 2001"",""0.3388"""
"2001-11-02,""02 Nov 2001"",""0.3401"""
"2001-11-09,""09 Nov 2001"",""0.3484"""
"2001-11-16,""16 Nov 2001"",""0.3626"""
"2001-11-23,""23 Nov 2001"",""0.3198"""
"2001-11-30,""30 Nov 2001"",""0.2847"""
"2001-12-07,""07 Dec 2001"",""0.3230"""
"2001-12-14,""14 Dec 2001"",""0.2773"""
"2001-12-21,""21 Dec 2001"",""0.3024"""
"2001-12-28,""28 Dec 2001"",""0.2347"""
"2002-01-04,""04 Jan 2002"",""0.3096"""
"2002-01-11,""11 Jan 2002"",""0.2441"""
"2002-01-18,""18 Jan 2002"",""0.2994"""
"2002-01-25,""25 Jan 2002"",""0.2782"""
"2002-02-01,""01 Feb 2002"",""0.2503"""
"2002-02-08,""08 Feb 2002"",""0.2851"""
"2002-02-15,""15 Feb 2002"",""0.1922"""
"2002-02-22,""22 Feb 2002"",""0.2441"""
"2002-03-01,""01 Mar 2002"",""0.2208"""
"2002-03-08,""08 Mar 2002"",""0.2084"""
"2002-03-15,""15 Mar 2002"",""0.1421"""
"2002-03-22,""22 Mar 2002"",""0.1430"""
"2002-03-29,""29 Mar 2002"",""0.0983"""
"2002-04-05,""05 Apr 2002"",""0.1620"""
"2002-04-12,""12 Apr 2002"",""0.1757"""
"2002-04-19,""19 Apr 2002"",""0.1828"""
"2002-04-26,""26 Apr 2002"",""0.1553"""
"2002-05-03,""03 May 2002"",""0.1995"""
"2002-05-10,""10 May 2002"",""0.1615"""
"2002-05-17,""17 May 2002"",""0.1652"""
"2002-05-24,""24 May 2002"",""0.1491"""
"2002-05-31,""31 May 2002"",""0.1586"""
"2002-06-07,""07 Jun 2002"",""0.1698"""
"2002-06-14,""14 Jun 2002"",""0.1695"""
"2002-06-21,""21 Jun 2002"",""0.1645"""
"2002-06-28,""28 Jun 2002"",""0.1520"""
"2002-07-05,""05 Jul 2002"",""0.1933"""
"2002-07-12,""12 Jul 2002"",""0.1876"""
"2002-07-19,""19 Jul 2002"",""0.1938"""
"2002-07-26,""26 Jul 2002"",""0.2232"""
"2002-08-02,""02 Aug 2002"",""0.2277"""
"2002-08-09,""09 Aug 2002"",""0.2386"""
"2002-08-16,""16 Aug 2002"",""0.1924"""
"2002-08-23,""23 Aug 2002"",""0.2296"""
"2002-08-30,""30 Aug 2002"",""0.2231"""
"2002-09-06,""06 Sep 2002"",""0.2147"""
"2002-09-13,""13 Sep 2002"",""0.2343"""
"2002-09-20,""20 Sep 2002"",""0.2309"""
"2002-09-27,""27 Sep 2002"",""0.2381"""
"2002-10-04,""04 Oct 2002"",""0.2610"""
"2002-10-11,""11 Oct 2002"",""0.2758"""
"2002-10-18,""18 Oct 2002"",""0.2683"""
"2002-10-25,""25 Oct 2002"",""0.2581"""
"2002-11-01,""01 Nov 2002"",""0.2185"""
"2002-11-08,""08 Nov 2002"",""0.2375"""
"2002-11-15,""15 Nov 2002"",""0.2053"""
"2002-11-22,""22 Nov 2002"",""0.1833"""
"2002-11-29,""29 Nov 2002"",""0.2167"""
"2002-12-06,""06 Dec 2002"",""0.2081"""
"2002-12-13,""13 Dec 2002"",""0.2069"""
"2002-12-20,""20 Dec 2002"",""0.2500"""
"2002-12-27,""27 Dec 2002"",""0.1392"""
"2003-01-03,""03 Jan 2003"",""0.1915"""
"2003-01-10,""10 Jan 2003"",""0.1672"""
"2003-01-17,""17 Jan 2003"",""0.2078"""
"2003-01-24,""24 Jan 2003"",""0.2178"""
"2003-01-31,""31 Jan 2003"",""0.2127"""
"2003-02-07,""07 Feb 2003"",""0.1815"""
"2003-02-14,""14 Feb 2003"",""0.2120"""
"2003-02-21,""21 Feb 2003"",""0.1620"""
"2003-02-28,""28 Feb 2003"",""0.2281"""
"2003-03-07,""07 Mar 2003"",""0.1946"""
"2003-03-14,""14 Mar 2003"",""0.2080"""
"2003-03-21,""21 Mar 2003"",""0.2275"""
"2003-03-28,""28 Mar 2003"",""0.1925"""
"2003-04-04,""04 Apr 2003"",""0.2097"""
"2003-04-11,""11 Apr 2003"",""0.1693"""
"2003-04-18,""18 Apr 2003"",""0.1445"""
"2003-04-25,""25 Apr 2003"",""0.1420"""
"2003-05-02,""02 May 2003"",""0.1163"""
"2003-05-09,""09 May 2003"",""0.1567"""
"2003-05-16,""16 May 2003"",""0.1025"""
"2003-05-23,""23 May 2003"",""0.2322"""
"2003-05-30,""30 May 2003"",""0.1780"""
"2003-06-06,""06 Jun 2003"",""0.2111"""
"2003-06-13,""13 Jun 2003"",""0.1830"""
"2003-06-20,""20 Jun 2003"",""0.2099"""
"2003-06-27,""27 Jun 2003"",""0.1664"""
"2003-07-04,""04 Jul 2003"",""0.1234"""
"2003-07-11,""11 Jul 2003"",""0.1649"""
"2003-07-18,""18 Jul 2003"",""0.0977"""
"2003-07-25,""25 Jul 2003"",""0.0889"""
"2003-08-01,""01 Aug 2003"",""0.0881"""
"2003-08-08,""08 Aug 2003"",""0.0857"""
"2003-08-15,""15 Aug 2003"",""0.0890"""
"2003-08-22,""22 Aug 2003"",""0.1864"""
"2003-08-29,""29 Aug 2003"",""0.1322"""
"2003-09-05,""05 Sep 2003"",""0.0975"""
"2003-09-12,""12 Sep 2003"",""0.0853"""
"2003-09-19,""19 Sep 2003"",""0.0886"""
"2003-09-26,""26 Sep 2003"",""0.0994"""
"2003-10-03,""03 Oct 2003"",""0.1407"""
"2003-10-10,""10 Oct 2003"",""0.1262"""
"2003-10-17,""17 Oct 2003"",""0.1004"""
"2003-10-24,""24 Oct 2003"",""0.0883"""
"2003-10-31,""31 Oct 2003"",""0.0910"""
"2003-11-07,""07 Nov 2003"",""0.0948"""
"2003-11-14,""14 Nov 2003"",""0.0696"""
"2003-11-21,""21 Nov 2003"",""0.0732"""
"2003-11-28,""28 Nov 2003"",""0.0859"""
"2003-12-05,""05 Dec 2003"",""0.0777"""
"2003-12-12,""12 Dec 2003"",""0.0622"""
"2003-12-19,""19 Dec 2003"",""0.0479"""
"2003-12-26,""26 Dec 2003"",""0.0466"""
"2004-01-02,""02 Jan 2004"",""0.0674"""
"2004-01-09,""09 Jan 2004"",""0.1384"""
"2004-01-16,""16 Jan 2004"",""0.1143"""
"2004-01-23,""23 Jan 2004"",""0.1008"""
"2004-01-30,""30 Jan 2004"",""0.0822"""
"2004-02-06,""06 Feb 2004"",""0.0607"""
"2004-02-13,""13 Feb 2004"",""0.0884"""
"2004-02-20,""20 Feb 2004"",""0.0862"""
"2004-02-27,""27 Feb 2004"",""0.0856"""
"2004-03-05,""05 Mar 2004"",""0.1108"""
"2004-03-12,""12 Mar 2004"",""0.1082"""
"2004-03-19,""19 Mar 2004"",""0.0941"""
"2004-03-26,""26 Mar 2004"",""0.1006"""
"2004-04-02,""02 Apr 2004"",""0.0959"""
"2004-04-09,""09 Apr 2004"",""0.1268"""
"2004-04-16,""16 Apr 2004"",""0.0928"""
"2004-04-23,""23 Apr 2004"",""0.0851"""
"2004-04-30,""30 Apr 2004"",""0.0894"""
"2004-05-07,""07 May 2004"",""0.0757"""
"2004-05-14,""14 May 2004"",""0.1050"""
"2004-05-21,""21 May 2004"",""0.0737"""
"2004-05-28,""28 May 2004"",""0.0619"""
"2004-06-04,""04 Jun 2004"",""0.0585"""
"2004-06-11,""11 Jun 2004"",""0.0557"""
"2004-06-18,""18 Jun 2004"",""0.0507"""
"2004-06-25,""25 Jun 2004"",""0.0387"""
"2004-07-02,""02 Jul 2004"",""0.0425"""
"2004-07-09,""09 Jul 2004"",""0.0321"""
"2004-07-16,""16 Jul 2004"",""0.0418"""
"2004-07-23,""23 Jul 2004"",""0.0723"""
"2004-07-30,""30 Jul 2004"",""0.0857"""
"2004-08-06,""06 Aug 2004"",""0.0896"""
"2004-08-13,""13 Aug 2004"",""0.0654"""
"2004-08-20,""20 Aug 2004"",""0.0454"""
"2004-08-27,""27 Aug 2004"",""0.0753"""
"2004-09-03,""03 Sep 2004"",""0.0832"""
"2004-09-10,""10 Sep 2004"",""0.0715"""
"2004-09-17,""17 Sep 2004"",""0.0680"""
"2004-09-24,""24 Sep 2004"",""0.0628"""
"2004-10-01,""01 Oct 2004"",""0.0828"""
"2004-10-08,""08 Oct 2004"",""0.0542"""
"2004-10-15,""15 Oct 2004"",""0.0723"""
"2004-10-22,""22 Oct 2004"",""0.0687"""
"2004-10-29,""29 Oct 2004"",""0.0660"""
"2004-11-05,""05 Nov 2004"",""0.0621"""
"2004-11-12,""12 Nov 2004"",""0.0517"""
"2004-11-19,""19 Nov 2004"",""0.0513"""
"2004-11-26,""26 Nov 2004"",""0.0445"""
"2004-12-03,""03 Dec 2004"",""0.0598"""
"2004-12-10,""10 Dec 2004"",""0.0480"""
"2004-12-17,""17 Dec 2004"",""0.0544"""
"2004-12-24,""24 Dec 2004"",""0.0468"""
"2004-12-31,""31 Dec 2004"",""0.0467"""
"2005-01-07,""07 Jan 2005"",""0.0806"""
"2005-01-14,""14 Jan 2005"",""0.0567"""
"2005-01-21,""21 Jan 2005"",""0.0464"""
"2005-01-28,""28 Jan 2005"",""0.0482"""
"2005-02-04,""04 Feb 2005"",""0.0890"""
"2005-02-11,""11 Feb 2005"",""0.0594"""
"2005-02-18,""18 Feb 2005"",""0.0574"""
"2005-02-25,""25 Feb 2005"",""0.0939"""
"2005-03-04,""04 Mar 2005"",""0.0655"""
"2005-03-11,""11 Mar 2005"",""0.0798"""
"2005-03-18,""18 Mar 2005"",""0.0863"""
"2005-03-25,""25 Mar 2005"",""0.0726"""
"2005-04-01,""01 Apr 2005"",""0.0565"""
"2005-04-08,""08 Apr 2005"",""0.0667"""
"2005-04-15,""15 Apr 2005"",""0.0838"""
"2005-04-22,""22 Apr 2005"",""0.1176"""
"2005-04-29,""29 Apr 2005"",""0.1260"""
"2005-05-06,""06 May 2005"",""0.1024"""
"2005-05-13,""13 May 2005"",""0.1175"""
"2005-05-20,""20 May 2005"",""0.0931"""
"2005-05-27,""27 May 2005"",""0.0755"""
"2005-06-03,""03 Jun 2005"",""0.1155"""
"2005-06-10,""10 Jun 2005"",""0.0656"""
"2005-06-17,""17 Jun 2005"",""0.1293"""
"2005-06-24,""24 Jun 2005"",""0.0883"""
"2005-07-01,""01 Jul 2005"",""0.1083"""
"2005-07-08,""08 Jul 2005"",""0.0959"""
"2005-07-15,""15 Jul 2005"",""0.0769"""
"2005-07-22,""22 Jul 2005"",""0.1048"""
"2005-07-29,""29 Jul 2005"",""0.0630"""
"2005-08-05,""05 Aug 2005"",""0.0852"""
"2005-08-12,""12 Aug 2005"",""0.0668"""
"2005-08-19,""19 Aug 2005"",""0.0630"""
"2005-08-26,""26 Aug 2005"",""0.0503"""
"2005-09-02,""02 Sep 2005"",""0.0728"""
"2005-09-09,""09 Sep 2005"",""0.0664"""
"2005-09-16,""16 Sep 2005"",""0.0686"""
"2005-09-23,""23 Sep 2005"",""0.0764"""
"2005-09-30,""30 Sep 2005"",""0.1011"""
"2005-10-07,""07 Oct 2005"",""0.1225"""
"2005-10-14,""14 Oct 2005"",""0.1225"""
"2005-10-21,""21 Oct 2005"",""0.1048"""
"2005-10-28,""28 Oct 2005"",""0.1360"""
"2005-11-04,""04 Nov 2005"",""0.1483"""
"2005-11-11,""11 Nov 2005"",""0.1049"""
"2005-11-18,""18 Nov 2005"",""0.0946"""
"2005-11-25,""25 Nov 2005"",""0.0718"""
"2005-12-02,""02 Dec 2005"",""0.1006"""
"2005-12-09,""09 Dec 2005"",""0.0564"""
"2005-12-16,""16 Dec 2005"",""0.0759"""
"2005-12-23,""23 Dec 2005"",""0.0593"""
"2005-12-30,""30 Dec 2005"",""0.0373"""
"2006-01-06,""06 Jan 2006"",""0.0749"""
"2006-01-13,""13 Jan 2006"",""0.0773"""
"2006-01-20,""20 Jan 2006"",""0.0792"""
"2006-01-27,""27 Jan 2006"",""0.1073"""
"2006-02-03,""03 Feb 2006"",""0.0874"""
"2006-02-10,""10 Feb 2006"",""0.0988"""
"2006-02-17,""17 Feb 2006"",""0.0707"""
"2006-02-24,""24 Feb 2006"",""0.0726"""
"2006-03-03,""03 Mar 2006"",""0.1056"""
"2006-03-10,""10 Mar 2006"",""0.1142"""
"2006-03-17,""17 Mar 2006"",""0.0551"""
"2006-03-24,""24 Mar 2006"",""0.0523"""
"2006-03-31,""31 Mar 2006"",""0.0968"""
"2006-04-07,""07 Apr 2006"",""0.0871"""
"2006-04-14,""14 Apr 2006"",""0.0764"""
"2006-04-21,""21 Apr 2006"",""0.0665"""
"2006-04-28,""28 Apr 2006"",""0.1058"""
"2006-05-05,""05 May 2006"",""0.0742"""
"2006-05-12,""12 May 2006"",""0.0992"""
"2006-05-19,""19 May 2006"",""0.1833"""
"2006-05-26,""26 May 2006"",""0.1482"""
"2006-06-02,""02 Jun 2006"",""0.0940"""
"2006-06-09,""09 Jun 2006"",""0.1298"""
"2006-06-16,""16 Jun 2006"",""0.1671"""
"2006-06-23,""23 Jun 2006"",""0.1147"""
"2006-06-30,""30 Jun 2006"",""0.1258"""
"2006-07-07,""07 Jul 2006"",""0.1136"""
"2006-07-14,""14 Jul 2006"",""0.1258"""
"2006-07-21,""21 Jul 2006"",""0.1091"""
"2006-07-28,""28 Jul 2006"",""0.1167"""
"2006-08-04,""04 Aug 2006"",""0.1329"""
"2006-08-11,""11 Aug 2006"",""0.0865"""
"2006-08-18,""18 Aug 2006"",""0.0685"""
"2006-08-25,""25 Aug 2006"",""0.0839"""
"2006-09-01,""01 Sep 2006"",""0.0567"""
"2006-09-08,""08 Sep 2006"",""0.0803"""
"2006-09-15,""15 Sep 2006"",""0.0640"""
"2006-09-22,""22 Sep 2006"",""0.0840"""
"2006-09-29,""29 Sep 2006"",""0.0747"""
"2006-10-06,""06 Oct 2006"",""0.0569"""
"2006-10-13,""13 Oct 2006"",""0.0499"""
"2006-10-20,""20 Oct 2006"",""0.0680"""
"2006-10-27,""27 Oct 2006"",""0.0352"""
"2006-11-03,""03 Nov 2006"",""0.0416"""
"2006-11-10,""10 Nov 2006"",""0.0433"""
"2006-11-17,""17 Nov 2006"",""0.0398"""
"2006-11-24,""24 Nov 2006"",""0.0360"""
"2006-12-01,""01 Dec 2006"",""0.0963"""
"2006-12-08,""08 Dec 2006"",""0.0547"""
"2006-12-15,""15 Dec 2006"",""0.0500"""
"2006-12-22,""22 Dec 2006"",""0.0347"""
"2006-12-29,""29 Dec 2006"",""0.0387"""
"2007-01-05,""05 Jan 2007"",""0.0823"""
"2007-01-12,""12 Jan 2007"",""0.0684"""
"2007-01-19,""19 Jan 2007"",""0.0321"""
"2007-01-26,""26 Jan 2007"",""0.0613"""
"2007-02-02,""02 Feb 2007"",""0.0505"""
"2007-02-09,""09 Feb 2007"",""0.0568"""
"2007-02-16,""16 Feb 2007"",""0.0928"""
"2007-02-23,""23 Feb 2007"",""0.0480"""
"2007-03-02,""02 Mar 2007"",""0.1642"""
"2007-03-09,""09 Mar 2007"",""0.1393"""
"2007-03-16,""16 Mar 2007"",""0.1967"""
"2007-03-23,""23 Mar 2007"",""0.1861"""
"2007-03-30,""30 Mar 2007"",""0.1014"""
"2007-04-06,""06 Apr 2007"",""0.0893"""
"2007-04-13,""13 Apr 2007"",""0.0811"""
"2007-04-20,""20 Apr 2007"",""0.1093"""
"2007-04-27,""27 Apr 2007"",""0.0664"""
"2007-05-04,""04 May 2007"",""0.0579"""
"2007-05-11,""11 May 2007"",""0.0621"""
"2007-05-18,""18 May 2007"",""0.0506"""
"2007-05-25,""25 May 2007"",""0.0622"""
"2007-06-01,""01 Jun 2007"",""0.0703"""
"2007-06-08,""08 Jun 2007"",""0.0980"""
"2007-06-15,""15 Jun 2007"",""0.0768"""
"2007-06-22,""22 Jun 2007"",""0.0420"""
"2007-06-29,""29 Jun 2007"",""0.0799"""
"2007-07-06,""06 Jul 2007"",""0.0506"""
"2007-07-13,""13 Jul 2007"",""0.1091"""
"2007-07-20,""20 Jul 2007"",""0.1140"""
"2007-07-27,""27 Jul 2007"",""0.1520"""
"2007-08-03,""03 Aug 2007"",""0.2029"""
"2007-08-10,""10 Aug 2007"",""0.3043"""
"2007-08-17,""17 Aug 2007"",""0.3325"""
"2007-08-24,""24 Aug 2007"",""0.3451"""
"2007-08-31,""31 Aug 2007"",""0.2967"""
"2007-09-07,""07 Sep 2007"",""0.3078"""
"2007-09-14,""14 Sep 2007"",""0.2807"""
"2007-09-21,""21 Sep 2007"",""0.3478"""
"2007-09-28,""28 Sep 2007"",""0.3040"""
"2007-10-05,""05 Oct 2007"",""0.2420"""
"2007-10-12,""12 Oct 2007"",""0.2270"""
"2007-10-19,""19 Oct 2007"",""0.2075"""
"2007-10-26,""26 Oct 2007"",""0.2666"""
"2007-11-02,""02 Nov 2007"",""0.2418"""
"2007-11-09,""09 Nov 2007"",""0.2517"""
"2007-11-16,""16 Nov 2007"",""0.3058"""
"2007-11-23,""23 Nov 2007"",""0.4013"""
"2007-11-30,""30 Nov 2007"",""0.4039"""
"2007-12-07,""07 Dec 2007"",""0.3598"""
"2007-12-14,""14 Dec 2007"",""0.3614"""
"2007-12-21,""21 Dec 2007"",""0.3430"""
"2007-12-28,""28 Dec 2007"",""0.1949"""
"2008-01-04,""04 Jan 2008"",""0.3103"""
"2008-01-11,""11 Jan 2008"",""0.4102"""
"2008-01-18,""18 Jan 2008"",""0.4876"""
"2008-01-25,""25 Jan 2008"",""0.5999"""
"2008-02-01,""01 Feb 2008"",""0.4885"""
"2008-02-08,""08 Feb 2008"",""0.5001"""
"2008-02-15,""15 Feb 2008"",""0.4842"""
"2008-02-22,""22 Feb 2008"",""0.3811"""
"2008-02-29,""29 Feb 2008"",""0.4459"""
"2008-03-07,""07 Mar 2008"",""0.4909"""
"2008-03-14,""14 Mar 2008"",""0.5440"""
"2008-03-21,""21 Mar 2008"",""0.5631"""
"2008-03-28,""28 Mar 2008"",""0.5293"""
"2008-04-04,""04 Apr 2008"",""0.4895"""
"2008-04-11,""11 Apr 2008"",""0.4328"""
"2008-04-18,""18 Apr 2008"",""0.5350"""
"2008-04-25,""25 Apr 2008"",""0.4477"""
"2008-05-02,""02 May 2008"",""0.3625"""
"2008-05-09,""09 May 2008"",""0.3572"""
"2008-05-16,""16 May 2008"",""0.3760"""
"2008-05-23,""23 May 2008"",""0.4511"""
"2008-05-30,""30 May 2008"",""0.3730"""
"2008-06-06,""06 Jun 2008"",""0.5396"""
"2008-06-13,""13 Jun 2008"",""0.4650"""
"2008-06-20,""20 Jun 2008"",""0.4129"""
"2008-06-27,""27 Jun 2008"",""0.4266"""
"2008-07-04,""04 Jul 2008"",""0.4885"""
"2008-07-11,""11 Jul 2008"",""0.3904"""
"2008-07-18,""18 Jul 2008"",""0.4166"""
"2008-07-25,""25 Jul 2008"",""0.3768"""
"2008-08-01,""01 Aug 2008"",""0.3648"""
"2008-08-08,""08 Aug 2008"",""0.3951"""
"2008-08-15,""15 Aug 2008"",""0.3805"""
"2008-08-22,""22 Aug 2008"",""0.3852"""
"2008-08-29,""29 Aug 2008"",""0.3234"""
"2008-09-05,""05 Sep 2008"",""0.4441"""
"2008-09-12,""12 Sep 2008"",""0.4811"""
"2008-09-19,""19 Sep 2008"",""0.5540"""
"2008-09-26,""26 Sep 2008"",""0.5702"""
"2008-10-03,""03 Oct 2008"",""0.7048"""
"2008-10-10,""10 Oct 2008"",""0.7384"""
"2008-10-17,""17 Oct 2008"",""0.7161"""
"2008-10-24,""24 Oct 2008"",""0.7515"""
"2008-10-31,""31 Oct 2008"",""0.7627"""
"2008-11-07,""07 Nov 2008"",""0.7708"""
"2008-11-14,""14 Nov 2008"",""0.7577"""
"2008-11-21,""21 Nov 2008"",""0.7828"""
"2008-11-28,""28 Nov 2008"",""0.8041"""
"2008-12-05,""05 Dec 2008"",""0.7565"""
"2008-12-12,""12 Dec 2008"",""0.8402"""
"2008-12-19,""19 Dec 2008"",""0.7765"""
"2008-12-26,""26 Dec 2008"",""0.4282"""
"2009-01-02,""02 Jan 2009"",""0.5443"""
"2009-01-09,""09 Jan 2009"",""0.7357"""
"2009-01-16,""16 Jan 2009"",""0.7945"""
"2009-01-23,""23 Jan 2009"",""0.7648"""
"2009-01-30,""30 Jan 2009"",""0.7576"""
"2009-02-06,""06 Feb 2009"",""0.7215"""
"2009-02-13,""13 Feb 2009"",""0.6672"""
"2009-02-20,""20 Feb 2009"",""0.7681"""
"2009-02-27,""27 Feb 2009"",""0.7733"""
"2009-03-06,""06 Mar 2009"",""0.7931"""
"2009-03-13,""13 Mar 2009"",""0.7513"""
"2009-03-20,""20 Mar 2009"",""0.7516"""
"2009-03-27,""27 Mar 2009"",""0.7871"""
"2009-04-03,""03 Apr 2009"",""0.7637"""
"2009-04-10,""10 Apr 2009"",""0.5885"""
"2009-04-17,""17 Apr 2009"",""0.6915"""
"2009-04-24,""24 Apr 2009"",""0.6776"""
"2009-05-01,""01 May 2009"",""0.6600"""
"2009-05-08,""08 May 2009"",""0.7247"""
"2009-05-15,""15 May 2009"",""0.6179"""
"2009-05-22,""22 May 2009"",""0.5654"""
"2009-05-29,""29 May 2009"",""0.4357"""
"2009-06-05,""05 Jun 2009"",""0.6370"""
"2009-06-12,""12 Jun 2009"",""0.5551"""
"2009-06-19,""19 Jun 2009"",""0.6743"""
"2009-06-26,""26 Jun 2009"",""0.6619"""
"2009-07-03,""03 Jul 2009"",""0.6230"""
"2009-07-10,""10 Jul 2009"",""0.6035"""
"2009-07-17,""17 Jul 2009"",""0.5962"""
"2009-07-24,""24 Jul 2009"",""0.5223"""
"2009-07-31,""31 Jul 2009"",""0.5603"""
"2009-08-07,""07 Aug 2009"",""0.5268"""
"2009-08-14,""14 Aug 2009"",""0.5054"""
"2009-08-21,""21 Aug 2009"",""0.4937"""
"2009-08-28,""28 Aug 2009"",""0.4090"""
"2009-09-04,""04 Sep 2009"",""0.3720"""
"2009-09-11,""11 Sep 2009"",""0.4676"""
"2009-09-18,""18 Sep 2009"",""0.3185"""
"2009-09-25,""25 Sep 2009"",""0.3935"""
"2009-10-02,""02 Oct 2009"",""0.4330"""
"2009-10-09,""09 Oct 2009"",""0.4596"""
"2009-10-16,""16 Oct 2009"",""0.3898"""
"2009-10-23,""23 Oct 2009"",""0.3236"""
"2009-10-30,""30 Oct 2009"",""0.4971"""
"2009-11-06,""06 Nov 2009"",""0.4138"""
"2009-11-13,""13 Nov 2009"",""0.3356"""
"2009-11-20,""20 Nov 2009"",""0.3853"""
"2009-11-27,""27 Nov 2009"",""0.4106"""
"2009-12-04,""04 Dec 2009"",""0.3944"""
"2009-12-11,""11 Dec 2009"",""0.3942"""
"2009-12-18,""18 Dec 2009"",""0.3787"""
"2009-12-25,""25 Dec 2009"",""0.2638"""
"2010-01-01,""01 Jan 2010"",""0.2116"""
"2010-01-08,""08 Jan 2010"",""0.2944"""
"2010-01-15,""15 Jan 2010"",""0.3069"""
"2010-01-22,""22 Jan 2010"",""0.3736"""
"2010-01-29,""29 Jan 2010"",""0.2973"""
"2010-02-05,""05 Feb 2010"",""0.3439"""
"2010-02-12,""12 Feb 2010"",""0.3154"""
"2010-02-19,""19 Feb 2010"",""0.3047"""
"2010-02-26,""26 Feb 2010"",""0.3223"""
"2010-03-05,""05 Mar 2010"",""0.3184"""
"2010-03-12,""12 Mar 2010"",""0.2207"""
"2010-03-19,""19 Mar 2010"",""0.2472"""
"2010-03-26,""26 Mar 2010"",""0.2109"""
"2010-04-02,""02 Apr 2010"",""0.1879"""
"2010-04-09,""09 Apr 2010"",""0.2194"""
"2010-04-16,""16 Apr 2010"",""0.2436"""
"2010-04-23,""23 Apr 2010"",""0.2724"""
"2010-04-30,""30 Apr 2010"",""0.3060"""
"2010-05-07,""07 May 2010"",""0.4112"""
"2010-05-14,""14 May 2010"",""0.4276"""
"2010-05-21,""21 May 2010"",""0.4194"""
"2010-05-28,""28 May 2010"",""0.4237"""
"2010-06-04,""04 Jun 2010"",""0.4153"""
"2010-06-11,""11 Jun 2010"",""0.4144"""
"2010-06-18,""18 Jun 2010"",""0.3236"""
"2010-06-25,""25 Jun 2010"",""0.3749"""
"2010-07-02,""02 Jul 2010"",""0.4672"""
"2010-07-09,""09 Jul 2010"",""0.3751"""
"2010-07-16,""16 Jul 2010"",""0.3864"""
"2010-07-23,""23 Jul 2010"",""0.3585"""
"2010-07-30,""30 Jul 2010"",""0.2829"""
"2010-08-06,""06 Aug 2010"",""0.2882"""
"2010-08-13,""13 Aug 2010"",""0.3538"""
"2010-08-20,""20 Aug 2010"",""0.3359"""
"2010-08-27,""27 Aug 2010"",""0.3668"""
"2010-09-03,""03 Sep 2010"",""0.3634"""
"2010-09-10,""10 Sep 2010"",""0.3649"""
"2010-09-17,""17 Sep 2010"",""0.3439"""
"2010-09-24,""24 Sep 2010"",""0.3956"""
"2010-10-01,""01 Oct 2010"",""0.3050"""
"2010-10-08,""08 Oct 2010"",""0.3371"""
"2010-10-15,""15 Oct 2010"",""0.2923"""
"2010-10-22,""22 Oct 2010"",""0.3152"""
"2010-10-29,""29 Oct 2010"",""0.2550"""
"2010-11-05,""05 Nov 2010"",""0.2807"""
"2010-11-12,""12 Nov 2010"",""0.2651"""
"2010-11-19,""19 Nov 2010"",""0.2747"""
"2010-11-26,""26 Nov 2010"",""0.3170"""
"2010-12-03,""03 Dec 2010"",""0.3696"""
"2010-12-10,""10 Dec 2010"",""0.2520"""
"2010-12-17,""17 Dec 2010"",""0.2464"""
"2010-12-24,""24 Dec 2010"",""0.1771"""
"2010-12-31,""31 Dec 2010"",""0.1872"""
"2011-01-07,""07 Jan 2011"",""0.2165"""
"2011-01-14,""14 Jan 2011"",""0.2246"""
"2011-01-21,""21 Jan 2011"",""0.2168"""
"2011-01-28,""28 Jan 2011"",""0.1845"""
"2011-02-04,""04 Feb 2011"",""0.1671"""
"2011-02-11,""11 Feb 2011"",""0.1411"""
"2011-02-18,""18 Feb 2011"",""0.1745"""
"2011-02-25,""25 Feb 2011"",""0.1448"""
"2011-03-04,""04 Mar 2011"",""0.1769"""
"2011-03-11,""11 Mar 2011"",""0.1352"""
"2011-03-18,""18 Mar 2011"",""0.2077"""
"2011-03-25,""25 Mar 2011"",""0.2147"""
"2011-04-01,""01 Apr 2011"",""0.1797"""
"2011-04-08,""08 Apr 2011"",""0.1958"""
"2011-04-15,""15 Apr 2011"",""0.1567"""
"2011-04-22,""22 Apr 2011"",""0.2210"""
"2011-04-29,""29 Apr 2011"",""0.1496"""
"2011-05-06,""06 May 2011"",""0.2090"""
"2011-05-13,""13 May 2011"",""0.1852"""
"2011-05-20,""20 May 2011"",""0.1452"""
"2011-05-27,""27 May 2011"",""0.1551"""
"2011-06-03,""03 Jun 2011"",""0.1854"""
"2011-06-10,""10 Jun 2011"",""0.1774"""
"2011-06-17,""17 Jun 2011"",""0.2067"""
"2011-06-24,""24 Jun 2011"",""0.1907"""
"2011-07-01,""01 Jul 2011"",""0.2456"""
"2011-07-08,""08 Jul 2011"",""0.2825"""
"2011-07-15,""15 Jul 2011"",""0.3427"""
"2011-07-22,""22 Jul 2011"",""0.3177"""
"2011-07-29,""29 Jul 2011"",""0.3116"""
"2011-08-05,""05 Aug 2011"",""0.4259"""
"2011-08-12,""12 Aug 2011"",""0.5162"""
"2011-08-19,""19 Aug 2011"",""0.4950"""
"2011-08-26,""26 Aug 2011"",""0.4108"""
"2011-09-02,""02 Sep 2011"",""0.4093"""
"2011-09-09,""09 Sep 2011"",""0.5310"""
"2011-09-16,""16 Sep 2011"",""0.5320"""
"2011-09-23,""23 Sep 2011"",""0.5587"""
"2011-09-30,""30 Sep 2011"",""0.5783"""
"2011-10-07,""07 Oct 2011"",""0.6126"""
"2011-10-14,""14 Oct 2011"",""0.6282"""
"2011-10-21,""21 Oct 2011"",""0.5151"""
"2011-10-28,""28 Oct 2011"",""0.5422"""
"2011-11-04,""04 Nov 2011"",""0.6568"""
"2011-11-11,""11 Nov 2011"",""0.5725"""
"2011-11-18,""18 Nov 2011"",""0.4857"""
"2011-11-25,""25 Nov 2011"",""0.5488"""
"2011-12-02,""02 Dec 2011"",""0.5176"""
"2011-12-09,""09 Dec 2011"",""0.4505"""
"2011-12-16,""16 Dec 2011"",""0.4992"""
"2011-12-23,""23 Dec 2011"",""0.4001"""
"2011-12-30,""30 Dec 2011"",""0.4139"""
"2012-01-06,""06 Jan 2012"",""0.5250"""
"2012-01-13,""13 Jan 2012"",""0.4662"""
"2012-01-20,""20 Jan 2012"",""0.4612"""
"2012-01-27,""27 Jan 2012"",""0.4350"""
"2012-02-03,""03 Feb 2012"",""0.4207"""
"2012-02-10,""10 Feb 2012"",""0.3720"""
"2012-02-17,""17 Feb 2012"",""0.3160"""
"2012-02-24,""24 Feb 2012"",""0.3996"""
"2012-03-02,""02 Mar 2012"",""0.3398"""
"2012-03-09,""09 Mar 2012"",""0.3859"""
"2012-03-16,""16 Mar 2012"",""0.3643"""
"2012-03-23,""23 Mar 2012"",""0.3026"""
"2012-03-30,""30 Mar 2012"",""0.3358"""
"2012-04-06,""06 Apr 2012"",""0.3142"""
"2012-04-13,""13 Apr 2012"",""0.3555"""
"2012-04-20,""20 Apr 2012"",""0.3597"""
"2012-04-27,""27 Apr 2012"",""0.3918"""
"2012-05-04,""04 May 2012"",""0.3513"""
"2012-05-11,""11 May 2012"",""0.3412"""
"2012-05-18,""18 May 2012"",""0.3772"""
"2012-05-25,""25 May 2012"",""0.3031"""
"2012-06-01,""01 Jun 2012"",""0.4331"""
"2012-06-08,""08 Jun 2012"",""0.4045"""
"2012-06-15,""15 Jun 2012"",""0.3379"""
"2012-06-22,""22 Jun 2012"",""0.3783"""
"2012-06-29,""29 Jun 2012"",""0.4277"""
"2012-07-06,""06 Jul 2012"",""0.4058"""
"2012-07-13,""13 Jul 2012"",""0.3869"""
"2012-07-20,""20 Jul 2012"",""0.3838"""
"2012-07-27,""27 Jul 2012"",""0.4352"""
"2012-08-03,""03 Aug 2012"",""0.4500"""
"2012-08-10,""10 Aug 2012"",""0.3254"""
"2012-08-17,""17 Aug 2012"",""0.2983"""
"2012-08-24,""24 Aug 2012"",""0.3313"""
"2012-08-31,""31 Aug 2012"",""0.2689"""
"2012-09-07,""07 Sep 2012"",""0.2796"""
"2012-09-14,""14 Sep 2012"",""0.2908"""
"2012-09-21,""21 Sep 2012"",""0.2552"""
"2012-09-28,""28 Sep 2012"",""0.2748"""
"2012-10-05,""05 Oct 2012"",""0.2331"""
"2012-10-12,""12 Oct 2012"",""0.2151"""
"2012-10-19,""19 Oct 2012"",""0.2631"""
"2012-10-26,""26 Oct 2012"",""0.2400"""
"2012-11-02,""02 Nov 2012"",""0.1925"""
"2012-11-09,""09 Nov 2012"",""0.1923"""
"2012-11-16,""16 Nov 2012"",""0.1725"""
"2012-11-23,""23 Nov 2012"",""0.1671"""
"2012-11-30,""30 Nov 2012"",""0.1471"""
"2012-12-07,""07 Dec 2012"",""0.1323"""
"2012-12-14,""14 Dec 2012"",""0.1312"""
"2012-12-21,""21 Dec 2012"",""0.1077"""
"2012-12-28,""28 Dec 2012"",""0.0681"""
"2013-01-04,""04 Jan 2013"",""0.1249"""
"2013-01-11,""11 Jan 2013"",""0.1296"""
"2013-01-18,""18 Jan 2013"",""0.1268"""
"2013-01-25,""25 Jan 2013"",""0.1166"""
"2013-02-01,""01 Feb 2013"",""0.1449"""
"2013-02-08,""08 Feb 2013"",""0.1267"""
"2013-02-15,""15 Feb 2013"",""0.1001"""
"2013-02-22,""22 Feb 2013"",""0.1199"""
"2013-03-01,""01 Mar 2013"",""0.1388"""
"2013-03-08,""08 Mar 2013"",""0.1226"""
"2013-03-15,""15 Mar 2013"",""0.0755"""
"2013-03-22,""22 Mar 2013"",""0.1320"""
"2013-03-29,""29 Mar 2013"",""0.1112"""
"2013-04-05,""05 Apr 2013"",""0.1335"""
"2013-04-12,""12 Apr 2013"",""0.1278"""
"2013-04-19,""19 Apr 2013"",""0.1321"""
"2013-04-26,""26 Apr 2013"",""0.1086"""
"2013-05-03,""03 May 2013"",""0.0965"""
"2013-05-10,""10 May 2013"",""0.0748"""
"2013-05-17,""17 May 2013"",""0.0620"""
"2013-05-24,""24 May 2013"",""0.0661"""
"2013-05-31,""31 May 2013"",""0.0685"""
"2013-06-07,""07 Jun 2013"",""0.0650"""
"2013-06-14,""14 Jun 2013"",""0.0679"""
"2013-06-21,""21 Jun 2013"",""0.1015"""
"2013-06-28,""28 Jun 2013"",""0.1150"""
"2013-07-05,""05 Jul 2013"",""0.0801"""
"2013-07-12,""12 Jul 2013"",""0.0779"""
"2013-07-19,""19 Jul 2013"",""0.0504"""
"2013-07-26,""26 Jul 2013"",""0.0690"""
"2013-08-02,""02 Aug 2013"",""0.0493"""
"2013-08-09,""09 Aug 2013"",""0.0469"""
"2013-08-16,""16 Aug 2013"",""0.0468"""
"2013-08-23,""23 Aug 2013"",""0.0445"""
"2013-08-30,""30 Aug 2013"",""0.0491"""
"2013-09-06,""06 Sep 2013"",""0.0533"""
"2013-09-13,""13 Sep 2013"",""0.0447"""
"2013-09-20,""20 Sep 2013"",""0.0334"""
"2013-09-27,""27 Sep 2013"",""0.0248"""
"2013-10-04,""04 Oct 2013"",""0.0406"""
"2013-10-11,""11 Oct 2013"",""0.0396"""
"2013-10-18,""18 Oct 2013"",""0.0336"""
"2013-10-25,""25 Oct 2013"",""0.0340"""
"2013-11-01,""01 Nov 2013"",""0.0429"""
"2013-11-08,""08 Nov 2013"",""0.0543"""
"2013-11-15,""15 Nov 2013"",""0.0386"""
"2013-11-22,""22 Nov 2013"",""0.0430"""
"2013-11-29,""29 Nov 2013"",""0.0315"""
"2013-12-06,""06 Dec 2013"",""0.0737"""
"2013-12-13,""13 Dec 2013"",""0.0535"""
"2013-12-20,""20 Dec 2013"",""0.0627"""
"2013-12-27,""27 Dec 2013"",""0.0336"""
"2014-01-03,""03 Jan 2014"",""0.0540"""
"2014-01-10,""10 Jan 2014"",""0.0592"""
"2014-01-17,""17 Jan 2014"",""0.0775"""
"2014-01-24,""24 Jan 2014"",""0.0933"""
"2014-01-31,""31 Jan 2014"",""0.0857"""
"2014-02-07,""07 Feb 2014"",""0.1141"""
"2014-02-14,""14 Feb 2014"",""0.0858"""
"2014-02-21,""21 Feb 2014"",""0.0444"""
"2014-02-28,""28 Feb 2014"",""0.0537"""
"2014-03-07,""07 Mar 2014"",""0.1610"""
"2014-03-14,""14 Mar 2014"",""0.1106"""
"2014-03-21,""21 Mar 2014"",""0.0807"""
"2014-03-28,""28 Mar 2014"",""0.1230"""
"2014-04-04,""04 Apr 2014"",""0.0714"""
"2014-04-11,""11 Apr 2014"",""0.0878"""
"2014-04-18,""18 Apr 2014"",""0.0564"""
"2014-04-25,""25 Apr 2014"",""0.0557"""
"2014-05-02,""02 May 2014"",""0.0637"""
"2014-05-09,""09 May 2014"",""0.0888"""
"2014-05-16,""16 May 2014"",""0.0921"""
"2014-05-23,""23 May 2014"",""0.0577"""
"2014-05-30,""30 May 2014"",""0.0458"""
"2014-06-06,""06 Jun 2014"",""0.0644"""
"2014-06-13,""13 Jun 2014"",""0.0620"""
"2014-06-20,""20 Jun 2014"",""0.0654"""
"2014-06-27,""27 Jun 2014"",""0.0701"""
"2014-07-04,""04 Jul 2014"",""0.0820"""
"2014-07-11,""11 Jul 2014"",""0.0832"""
"2014-07-18,""18 Jul 2014"",""0.0909"""
"2014-07-25,""25 Jul 2014"",""0.1350"""
"2014-08-01,""01 Aug 2014"",""0.1179"""
"2014-08-08,""08 Aug 2014"",""0.1105"""
"2014-08-15,""15 Aug 2014"",""0.1148"""
"2014-08-22,""22 Aug 2014"",""0.0988"""
"2014-08-29,""29 Aug 2014"",""0.0763"""
"2014-09-05,""05 Sep 2014"",""0.1096"""
"2014-09-12,""12 Sep 2014"",""0.0771"""
"2014-09-19,""19 Sep 2014"",""0.0661"""
"2014-09-26,""26 Sep 2014"",""0.0884"""
"2014-10-03,""03 Oct 2014"",""0.1220"""
"2014-10-10,""10 Oct 2014"",""0.1226"""
"2014-10-17,""17 Oct 2014"",""0.1830"""
"2014-10-24,""24 Oct 2014"",""0.1258"""
"2014-10-31,""31 Oct 2014"",""0.1561"""
"2014-11-07,""07 Nov 2014"",""0.1325"""
"2014-11-14,""14 Nov 2014"",""0.1094"""
"2014-11-21,""21 Nov 2014"",""0.1219"""
"2014-11-28,""28 Nov 2014"",""0.0489"""
"2014-12-05,""05 Dec 2014"",""0.0970"""
"2014-12-12,""12 Dec 2014"",""0.1138"""
"2014-12-19,""19 Dec 2014"",""0.1371"""
"2014-12-26,""26 Dec 2014"",""0.0374"""
"2015-01-02,""02 Jan 2015"",""0.0884"""
"2015-01-09,""09 Jan 2015"",""0.1489"""
"2015-01-16,""16 Jan 2015"",""0.1544"""
"2015-01-23,""23 Jan 2015"",""0.1943"""
"2015-01-30,""30 Jan 2015"",""0.1527"""
"2015-02-06,""06 Feb 2015"",""0.1311"""
"2015-02-13,""13 Feb 2015"",""0.0845"""
"2015-02-20,""20 Feb 2015"",""0.0575"""
"2015-02-27,""27 Feb 2015"",""0.0761"""
"2015-03-06,""06 Mar 2015"",""0.0648"""
"2015-03-13,""13 Mar 2015"",""0.1087"""
"2015-03-20,""20 Mar 2015"",""0.0955"""
"2015-03-27,""27 Mar 2015"",""0.0772"""
"2015-04-03,""03 Apr 2015"",""0.0577"""
"2015-04-10,""10 Apr 2015"",""0.0729"""
"2015-04-17,""17 Apr 2015"",""0.0649"""
"2015-04-24,""24 Apr 2015"",""0.0773"""
"2015-05-01,""01 May 2015"",""0.1103"""
"2015-05-08,""08 May 2015"",""0.1144"""
"2015-05-15,""15 May 2015"",""0.0844"""
"2015-05-22,""22 May 2015"",""0.0715"""
"2015-05-29,""29 May 2015"",""0.0756"""
"2015-06-05,""05 Jun 2015"",""0.1030"""
"2015-06-12,""12 Jun 2015"",""0.0820"""
"2015-06-19,""19 Jun 2015"",""0.0685"""
"2015-06-26,""26 Jun 2015"",""0.0710"""
"2015-07-03,""03 Jul 2015"",""0.1223"""
"2015-07-10,""10 Jul 2015"",""0.1973"""
"2015-07-17,""17 Jul 2015"",""0.1146"""
"2015-07-24,""24 Jul 2015"",""0.0899"""
"2015-07-31,""31 Jul 2015"",""0.1189"""
"2015-08-07,""07 Aug 2015"",""0.1066"""
"2015-08-14,""14 Aug 2015"",""0.1289"""
"2015-08-21,""21 Aug 2015"",""0.1567"""
"2015-08-28,""28 Aug 2015"",""0.2113"""
"2015-09-04,""04 Sep 2015"",""0.1878"""
"2015-09-11,""11 Sep 2015"",""0.1264"""
"2015-09-18,""18 Sep 2015"",""0.1994"""
"2015-09-25,""25 Sep 2015"",""0.2358"""
"2015-10-02,""02 Oct 2015"",""0.1723"""
"2015-10-09,""09 Oct 2015"",""0.1605"""
"2015-10-16,""16 Oct 2015"",""0.1461"""
"2015-10-23,""23 Oct 2015"",""0.1950"""
"2015-10-30,""30 Oct 2015"",""0.1125"""
"2015-11-06,""06 Nov 2015"",""0.1021"""
"2015-11-13,""13 Nov 2015"",""0.0933"""
"2015-11-20,""20 Nov 2015"",""0.0981"""
"2015-11-27,""27 Nov 2015"",""0.0843"""
"2015-12-04,""04 Dec 2015"",""0.1377"""
"2015-12-11,""11 Dec 2015"",""0.1254"""
"2015-12-18,""18 Dec 2015"",""0.0880"""
"2015-12-25,""25 Dec 2015"",""0.0760"""
"2016-01-01,""01 Jan 2016"",""0.0605"""
"2016-01-08,""08 Jan 2016"",""0.1727"""
"2016-01-15,""15 Jan 2016"",""0.1144"""
"2016-01-22,""22 Jan 2016"",""0.1700"""
"2016-01-29,""29 Jan 2016"",""0.1804"""
"2016-02-05,""05 Feb 2016"",""0.1649"""
"2016-02-12,""12 Feb 2016"",""0.2599"""
"2016-02-19,""19 Feb 2016"",""0.2173"""
"2016-02-26,""26 Feb 2016"",""0.2225"""
"2016-03-04,""04 Mar 2016"",""0.2319"""
"2016-03-11,""11 Mar 2016"",""0.2419"""
"2016-03-18,""18 Mar 2016"",""0.1797"""
"2016-03-25,""25 Mar 2016"",""0.1101"""
"2016-04-01,""01 Apr 2016"",""0.1721"""
"2016-04-08,""08 Apr 2016"",""0.1682"""
"2016-04-15,""15 Apr 2016"",""0.1692"""
"2016-04-22,""22 Apr 2016"",""0.1794"""
"2016-04-29,""29 Apr 2016"",""0.1633"""
"2016-05-06,""06 May 2016"",""0.1410"""
"2016-05-13,""13 May 2016"",""0.1101"""
"2016-05-20,""20 May 2016"",""0.1166"""
"2016-05-27,""27 May 2016"",""0.1178"""
"2016-06-03,""03 Jun 2016"",""0.1314"""
"2016-06-10,""10 Jun 2016"",""0.1348"""
"2016-06-17,""17 Jun 2016"",""0.1857"""
"2016-06-24,""24 Jun 2016"",""0.3237"""
"2016-07-01,""01 Jul 2016"",""0.3048"""
"2016-07-08,""08 Jul 2016"",""0.2737"""
"2016-07-15,""15 Jul 2016"",""0.3094"""
"2016-07-22,""22 Jul 2016"",""0.1776"""
"2016-07-29,""29 Jul 2016"",""0.2117"""
"2016-08-05,""05 Aug 2016"",""0.2235"""
"2016-08-12,""12 Aug 2016"",""0.1372"""
"2016-08-19,""19 Aug 2016"",""0.1510"""
"2016-08-26,""26 Aug 2016"",""0.1398"""
"2016-09-02,""02 Sep 2016"",""0.1478"""
"2016-09-09,""09 Sep 2016"",""0.1432"""
"2016-09-16,""16 Sep 2016"",""0.1212"""
"2016-09-23,""23 Sep 2016"",""0.1500"""
"2016-09-30,""30 Sep 2016"",""0.1029"""
"2016-10-07,""07 Oct 2016"",""0.1444"""
"2016-10-14,""14 Oct 2016"",""0.1486"""
"2016-10-21,""21 Oct 2016"",""0.0937"""
"2016-10-28,""28 Oct 2016"",""0.0945"""
"2016-11-04,""04 Nov 2016"",""0.1186"""
"2016-11-11,""11 Nov 2016"",""0.1419"""
"2016-11-18,""18 Nov 2016"",""0.0879"""
"2016-11-25,""25 Nov 2016"",""0.0821"""
"2016-12-02,""02 Dec 2016"",""0.1248"""
"2016-12-09,""09 Dec 2016"",""0.1471"""
"2016-12-16,""16 Dec 2016"",""0.0934"""
"2016-12-23,""23 Dec 2016"",""0.0759"""
"2016-12-30,""30 Dec 2016"",""0.0532"""
"2017-01-06,""06 Jan 2017"",""0.0756"""
"2017-01-13,""13 Jan 2017"",""0.0632"""
"2017-01-20,""20 Jan 2017"",""0.0735"""
"2017-01-27,""27 Jan 2017"",""0.0837"""
"2017-02-03,""03 Feb 2017"",""0.0761"""
"2017-02-10,""10 Feb 2017"",""0.0856"""
"2017-02-17,""17 Feb 2017"",""0.0682"""
"2017-02-24,""24 Feb 2017"",""0.0641"""
"2017-03-03,""03 Mar 2017"",""0.0858"""
"2017-03-10,""10 Mar 2017"",""0.0711"""
"2017-03-17,""17 Mar 2017"",""0.0545"""
"2017-03-24,""24 Mar 2017"",""0.0525"""
"2017-03-31,""31 Mar 2017"",""0.0438"""
"2017-04-07,""07 Apr 2017"",""0.0452"""
"2017-04-14,""14 Apr 2017"",""0.0400"""
"2017-04-21,""21 Apr 2017"",""0.0495"""
"2017-04-28,""28 Apr 2017"",""0.0835"""
"2017-05-05,""05 May 2017"",""0.0448"""
"2017-05-12,""12 May 2017"",""0.0404"""
"2017-05-19,""19 May 2017"",""0.0618"""
"2017-05-26,""26 May 2017"",""0.0404"""
"2017-06-02,""02 Jun 2017"",""0.0461"""
"2017-06-09,""09 Jun 2017"",""0.0428"""
"2017-06-16,""16 Jun 2017"",""0.0547"""
"2017-06-23,""23 Jun 2017"",""0.0238"""
"2017-06-30,""30 Jun 2017"",""0.0803"""
"2017-07-07,""07 Jul 2017"",""0.0430"""
"2017-07-14,""14 Jul 2017"",""0.0536"""
"2017-07-21,""21 Jul 2017"",""0.0539"""
"2017-07-28,""28 Jul 2017"",""0.0394"""
"2017-08-04,""04 Aug 2017"",""0.0376"""
"2017-08-11,""11 Aug 2017"",""0.0308"""
"2017-08-18,""18 Aug 2017"",""0.0499"""
"2017-08-25,""25 Aug 2017"",""0.0520"""
"2017-09-01,""01 Sep 2017"",""0.0600"""
"2017-09-08,""08 Sep 2017"",""0.0620"""
"2017-09-15,""15 Sep 2017"",""0.0562"""
"2017-09-22,""22 Sep 2017"",""0.0465"""
"2017-09-29,""29 Sep 2017"",""0.0472"""
"2017-10-06,""06 Oct 2017"",""0.0394"""
"2017-10-13,""13 Oct 2017"",""0.0404"""
"2017-10-20,""20 Oct 2017"",""0.0408"""
"2017-10-27,""27 Oct 2017"",""0.0652"""
"2017-11-03,""03 Nov 2017"",""0.0476"""
"2017-11-10,""10 Nov 2017"",""0.0546"""
"2017-11-17,""17 Nov 2017"",""0.0643"""
"2017-11-24,""24 Nov 2017"",""0.0629"""
"2017-12-01,""01 Dec 2017"",""0.0532"""
"2017-12-08,""08 Dec 2017"",""0.0611"""
"2017-12-15,""15 Dec 2017"",""0.0420"""
"2017-12-22,""22 Dec 2017"",""0.0595"""
"2017-12-29,""29 Dec 2017"",""0.0309"""
"2018-01-05,""05 Jan 2018"",""0.0528"""
"2018-01-12,""12 Jan 2018"",""0.0619"""
"2018-01-19,""19 Jan 2018"",""0.0305"""
"2018-01-26,""26 Jan 2018"",""0.0646"""
"2018-02-02,""02 Feb 2018"",""0.0679"""
"2018-02-09,""09 Feb 2018"",""0.1279"""
"2018-02-16,""16 Feb 2018"",""0.1175"""
"2018-02-23,""23 Feb 2018"",""0.0522"""
"2018-03-02,""02 Mar 2018"",""0.1018"""
"2018-03-09,""09 Mar 2018"",""0.0845"""
"2018-03-16,""16 Mar 2018"",""0.0629"""
"2018-03-23,""23 Mar 2018"",""0.0905"""
"2018-03-30,""30 Mar 2018"",""0.0747"""
"2018-04-06,""06 Apr 2018"",""0.0773"""
"2018-04-13,""13 Apr 2018"",""0.0540"""
"2018-04-20,""20 Apr 2018"",""0.0632"""
"2018-04-27,""27 Apr 2018"",""0.0629"""
"2018-05-04,""04 May 2018"",""0.0488"""
"2018-05-11,""11 May 2018"",""0.0473"""
"2018-05-18,""18 May 2018"",""0.0484"""
"2018-05-25,""25 May 2018"",""0.0796"""
"2018-06-01,""01 Jun 2018"",""0.1590"""
"2018-06-08,""08 Jun 2018"",""0.1055"""
"2018-06-15,""15 Jun 2018"",""0.1351"""
"2018-06-22,""22 Jun 2018"",""0.1033"""
"2018-06-29,""29 Jun 2018"",""0.1232"""
"2018-07-06,""06 Jul 2018"",""0.0674"""
"2018-07-13,""13 Jul 2018"",""0.0831"""
"2018-07-20,""20 Jul 2018"",""0.0725"""
"2018-07-27,""27 Jul 2018"",""0.0571"""
"2018-08-03,""03 Aug 2018"",""0.0604"""
"2018-08-10,""10 Aug 2018"",""0.0578"""
"2018-08-17,""17 Aug 2018"",""0.0583"""
"2018-08-24,""24 Aug 2018"",""0.0509"""
"2018-08-31,""31 Aug 2018"",""0.0735"""
"2018-09-07,""07 Sep 2018"",""0.0979"""
"2018-09-14,""14 Sep 2018"",""0.0622"""
"2018-09-21,""21 Sep 2018"",""0.0552"""
"2018-09-28,""28 Sep 2018"",""0.0550"""
"2018-10-05,""05 Oct 2018"",""0.0776"""
"2018-10-12,""12 Oct 2018"",""0.0718"""
"2018-10-19,""19 Oct 2018"",""0.0645"""
"2018-10-26,""26 Oct 2018"",""0.0779"""
"2018-11-02,""02 Nov 2018"",""0.0864"""
"2018-11-09,""09 Nov 2018"",""0.0656"""
"2018-11-16,""16 Nov 2018"",""0.0607"""
"2018-11-23,""23 Nov 2018"",""0.0726"""
"2018-11-30,""30 Nov 2018"",""0.0586"""
"2018-12-07,""07 Dec 2018"",""0.1005"""
"2018-12-14,""14 Dec 2018"",""0.1192"""
"2018-12-21,""21 Dec 2018"",""0.1122"""
"2018-12-28,""28 Dec 2018"",""0.0742"""
"2019-01-04,""04 Jan 2019"",""0.1433"""
"2019-01-11,""11 Jan 2019"",""0.1262"""
"2019-01-18,""18 Jan 2019"",""0.1555"""
"2019-01-25,""25 Jan 2019"",""0.1232"""
"2019-02-01,""01 Feb 2019"",""0.1180"""
"2019-02-08,""08 Feb 2019"",""0.1418"""
"2019-02-15,""15 Feb 2019"",""0.1377"""
"2019-02-22,""22 Feb 2019"",""0.0943"""
"2019-03-01,""01 Mar 2019"",""0.1080"""
"2019-03-08,""08 Mar 2019"",""0.1082"""
"2019-03-15,""15 Mar 2019"",""0.0760"""
"2019-03-22,""22 Mar 2019"",""0.1195"""
"2019-03-29,""29 Mar 2019"",""0.1169"""
"2019-04-05,""05 Apr 2019"",""0.1225"""
"2019-04-12,""12 Apr 2019"",""0.1199"""
"2019-04-19,""19 Apr 2019"",""0.0739"""
"2019-04-26,""26 Apr 2019"",""0.0640"""
"2019-05-03,""03 May 2019"",""0.0584"""
"2019-05-10,""10 May 2019"",""0.0896"""
"2019-05-17,""17 May 2019"",""0.0960"""
"2019-05-24,""24 May 2019"",""0.1159"""
"2019-05-31,""31 May 2019"",""0.0959"""
"2019-06-07,""07 Jun 2019"",""0.0990"""
"2019-06-14,""14 Jun 2019"",""0.0770"""
"2019-06-21,""21 Jun 2019"",""0.0933"""
"2019-06-28,""28 Jun 2019"",""0.0700"""
"2019-07-05,""05 Jul 2019"",""0.0631"""
"2019-07-12,""12 Jul 2019"",""0.0617"""
"2019-07-19,""19 Jul 2019"",""0.0510"""
"2019-07-26,""26 Jul 2019"",""0.0474"""
"2019-08-02,""02 Aug 2019"",""0.0362"""
"2019-08-09,""09 Aug 2019"",""0.0739"""
"2019-08-16,""16 Aug 2019"",""0.0915"""
"2019-08-23,""23 Aug 2019"",""0.1170"""
"2019-08-30,""30 Aug 2019"",""0.0821"""
"2019-09-06,""06 Sep 2019"",""0.0893"""
"2019-09-13,""13 Sep 2019"",""0.0792"""
"2019-09-20,""20 Sep 2019"",""0.0615"""
"2019-09-27,""27 Sep 2019"",""0.0804"""
"2019-10-04,""04 Oct 2019"",""0.0665"""
"2019-10-11,""11 Oct 2019"",""0.0914"""
"2019-10-18,""18 Oct 2019"",""0.0599"""
"2019-10-25,""25 Oct 2019"",""0.0588"""
"2019-11-01,""01 Nov 2019"",""0.0566"""
"2019-11-08,""08 Nov 2019"",""0.0675"""
"2019-11-15,""15 Nov 2019"",""0.0494"""
"2019-11-22,""22 Nov 2019"",""0.0484"""
"2019-11-29,""29 Nov 2019"",""0.0382"""
"2019-12-06,""06 Dec 2019"",""0.0521"""
"2019-12-13,""13 Dec 2019"",""0.0441"""
"2019-12-20,""20 Dec 2019"",""0.0274"""
"2019-12-27,""27 Dec 2019"",""0.0229"""
"2020-01-03,""03 Jan 2020"",""0.0400"""
"2020-01-10,""10 Jan 2020"",""0.0314"""
"2020-01-17,""17 Jan 2020"",""0.0397"""
"2020-01-24,""24 Jan 2020"",""0.0438"""
"2020-01-31,""31 Jan 2020"",""0.0697"""
"2020-02-07,""07 Feb 2020"",""0.0629"""
"2020-02-14,""14 Feb 2020"",""0.0369"""
"2020-02-21,""21 Feb 2020"",""0.0417"""
"2020-02-28,""28 Feb 2020"",""0.1209"""
"2020-03-06,""06 Mar 2020"",""0.2007"""
"2020-03-13,""13 Mar 2020"",""0.3549"""
"2020-03-20,""20 Mar 2020"",""0.3135"""
"2020-03-27,""27 Mar 2020"",""0.2885"""
"2020-04-03,""03 Apr 2020"",""0.3119"""
"2020-04-10,""10 Apr 2020"",""0.1707"""
"2020-04-17,""17 Apr 2020"",""0.2364"""
"2020-04-24,""24 Apr 2020"",""0.2879"""
"2020-05-01,""01 May 2020"",""0.3232"""
"2020-05-08,""08 May 2020"",""0.3127"""
"2020-05-15,""15 May 2020"",""0.2577"""
"2020-05-22,""22 May 2020"",""0.2793"""
"2020-05-29,""29 May 2020"",""0.2673"""
"2020-06-05,""05 Jun 2020"",""0.3073"""
"2020-06-12,""12 Jun 2020"",""0.2914"""
"2020-06-19,""19 Jun 2020"",""0.2407"""
"2020-06-26,""26 Jun 2020"",""0.2667"""
"2020-07-03,""03 Jul 2020"",""0.2246"""
"2020-07-10,""10 Jul 2020"",""0.1944"""
"2020-07-17,""17 Jul 2020"",""0.2022"""
"2020-07-24,""24 Jul 2020"",""0.1697"""
"2020-07-31,""31 Jul 2020"",""0.2013"""
"2020-08-07,""07 Aug 2020"",""0.1883"""
"2020-08-14,""14 Aug 2020"",""0.1982"""
"2020-08-21,""21 Aug 2020"",""0.1620"""
"2020-08-28,""28 Aug 2020"",""0.1761"""
"2020-09-04,""04 Sep 2020"",""0.1925"""
"2020-09-11,""11 Sep 2020"",""0.1593"""
"2020-09-18,""18 Sep 2020"",""0.1034"""
"2020-09-25,""25 Sep 2020"",""0.1746"""
"2020-10-02,""02 Oct 2020"",""0.1491"""
"2020-10-09,""09 Oct 2020"",""0.1414"""
"2020-10-16,""16 Oct 2020"",""0.1746"""
"2020-10-23,""23 Oct 2020"",""0.1292"""
"2020-10-30,""30 Oct 2020"",""0.1575"""
"2020-11-06,""06 Nov 2020"",""0.1477"""
"2020-11-13,""13 Nov 2020"",""0.1726"""
"2020-11-20,""20 Nov 2020"",""0.1139"""
"2020-11-27,""27 Nov 2020"",""0.1036"""
"2020-12-04,""04 Dec 2020"",""0.1056"""
"2020-12-11,""11 Dec 2020"",""0.0851"""
"2020-12-18,""18 Dec 2020"",""0.0913"""
"2020-12-25,""25 Dec 2020"",""0.0983"""
"2021-01-01,""01 Jan 2021"",""0.0508"""
"2021-01-08,""08 Jan 2021"",""0.0754"""
"2021-01-15,""15 Jan 2021"",""0.0639"""
"2021-01-22,""22 Jan 2021"",""0.0472"""
"2021-01-29,""29 Jan 2021"",""0.0835"""
"2021-02-05,""05 Feb 2021"",""0.0518"""
"2021-02-12,""12 Feb 2021"",""0.0541"""
"2021-02-19,""19 Feb 2021"",""0.0689"""
"2021-02-26,""26 Feb 2021"",""0.0736"""
"2021-03-05,""05 Mar 2021"",""0.0570"""
"2021-03-12,""12 Mar 2021"",""0.0538"""
"2021-03-19,""19 Mar 2021"",""0.0455"""
"2021-03-26,""26 Mar 2021"",""0.0365"""
"2021-04-02,""02 Apr 2021"",""0.0462"""
"2021-04-09,""09 Apr 2021"",""0.0329"""
"2021-04-16,""16 Apr 2021"",""0.0459"""
"2021-04-23,""23 Apr 2021"",""0.0459"""
"2021-04-30,""30 Apr 2021"",""0.0344"""
"2021-05-07,""07 May 2021"",""0.0455"""
"2021-05-14,""14 May 2021"",""0.0450"""
"2021-05-21,""21 May 2021"",""0.0263"""
"2021-05-28,""28 May 2021"",""0.0291"""
"2021-06-04,""04 Jun 2021"",""0.0249"""
"2021-06-11,""11 Jun 2021"",""0.0304"""
"2021-06-18,""18 Jun 2021"",""0.0342"""
"2021-06-25,""25 Jun 2021"",""0.0369"""
"2021-07-02,""02 Jul 2021"",""0.0538"""
"2021-07-09,""09 Jul 2021"",""0.0807"""
"2021-07-16,""16 Jul 2021"",""0.0521"""
"2021-07-23,""23 Jul 2021"",""0.0849"""
"2021-07-30,""30 Jul 2021"",""0.0553"""
"2021-08-06,""06 Aug 2021"",""0.0489"""
"2021-08-13,""13 Aug 2021"",""0.0324"""
"2021-08-20,""20 Aug 2021"",""0.0375"""
"2021-08-27,""27 Aug 2021"",""0.0343"""
"2021-09-03,""03 Sep 2021"",""0.0351"""
"2021-09-10,""10 Sep 2021"",""0.0324"""
"2021-09-17,""17 Sep 2021"",""0.0366"""
"2021-09-24,""24 Sep 2021"",""0.0645"""
"2021-10-01,""01 Oct 2021"",""0.0552"""
"2021-10-08,""08 Oct 2021"",""0.0542"""
"2021-10-15,""15 Oct 2021"",""0.0502"""
"2021-10-22,""22 Oct 2021"",""0.0335"""
"2021-10-29,""29 Oct 2021"",""0.0406"""
"2021-11-05,""05 Nov 2021"",""0.0430"""
"2021-11-12,""12 Nov 2021"",""0.0236"""
"2021-11-19,""19 Nov 2021"",""0.0498"""
"2021-11-26,""26 Nov 2021"",""0.0826"""
"2021-12-03,""03 Dec 2021"",""0.0897"""
"2021-12-10,""10 Dec 2021"",""0.1061"""
"2021-12-17,""17 Dec 2021"",""0.0915"""
"2021-12-24,""24 Dec 2021"",""0.0862"""
"2021-12-31,""31 Dec 2021"",""0.0482"""
"2022-01-07,""07 Jan 2022"",""0.0761"""
"2022-01-14,""14 Jan 2022"",""0.0773"""
"2022-01-21,""21 Jan 2022"",""0.0714"""
"2022-01-28,""28 Jan 2022"",""0.1105"""
"2022-02-04,""04 Feb 2022"",""0.1472"""
"2022-02-11,""11 Feb 2022"",""0.1030"""
"2022-02-18,""18 Feb 2022"",""0.1225"""
"2022-02-25,""25 Feb 2022"",""0.1819"""
"2022-03-04,""04 Mar 2022"",""0.2790"""
"2022-03-11,""11 Mar 2022"",""0.3438"""
"2022-03-18,""18 Mar 2022"",""0.3043"""
"2022-03-25,""25 Mar 2022"",""0.2233"""
"2022-04-01,""01 Apr 2022"",""0.2560"""
"2022-04-08,""08 Apr 2022"",""0.2215"""
"2022-04-15,""15 Apr 2022"",""0.1402"""
"2022-04-22,""22 Apr 2022"",""0.1785"""
"2022-04-29,""29 Apr 2022"",""0.2676"""
"2022-05-06,""06 May 2022"",""0.2555"""
"2022-05-13,""13 May 2022"",""0.2951"""
"2022-05-20,""20 May 2022"",""0.3114"""
"2022-05-27,""27 May 2022"",""0.3248"""
"2022-06-03,""03 Jun 2022"",""0.2690"""
"2022-06-10,""10 Jun 2022"",""0.3599"""
"2022-06-17,""17 Jun 2022"",""0.4032"""
"2022-06-24,""24 Jun 2022"",""0.3330"""
"2022-07-01,""01 Jul 2022"",""0.2911"""
"2022-07-08,""08 Jul 2022"",""0.3785"""
"2022-07-15,""15 Jul 2022"",""0.4049"""
"2022-07-22,""22 Jul 2022"",""0.4145"""
"2022-07-29,""29 Jul 2022"",""0.4301"""
"2022-08-05,""05 Aug 2022"",""0.3879"""
"2022-08-12,""12 Aug 2022"",""0.2873"""
"2022-08-19,""19 Aug 2022"",""0.3228"""
"2022-08-26,""26 Aug 2022"",""0.3428"""
"2022-09-02,""02 Sep 2022"",""0.4146"""
"2022-09-09,""09 Sep 2022"",""0.3766"""
"2022-09-16,""16 Sep 2022"",""0.4203"""
"2022-09-23,""23 Sep 2022"",""0.4670"""
"2022-09-30,""30 Sep 2022"",""0.4748"""
"2022-10-07,""07 Oct 2022"",""0.4987"""
"2022-10-14,""14 Oct 2022"",""0.4029"""
"2022-10-21,""21 Oct 2022"",""0.4504"""
"2022-10-28,""28 Oct 2022"",""0.4649"""
"2022-11-04,""04 Nov 2022"",""0.4981"""
"2022-11-11,""11 Nov 2022"",""0.5134"""
"2022-11-18,""18 Nov 2022"",""0.3197"""
"2022-11-25,""25 Nov 2022"",""0.2670"""
"2022-12-02,""02 Dec 2022"",""0.3819"""
"2022-12-09,""09 Dec 2022"",""0.2899"""
"2022-12-16,""16 Dec 2022"",""0.4334"""
"2022-12-23,""23 Dec 2022"",""0.3578"""
"2022-12-30,""30 Dec 2022"",""0.3274"""
"2023-01-06,""06 Jan 2023"",""0.3716"""
"2023-01-13,""13 Jan 2023"",""0.3308"""
"2023-01-20,""20 Jan 2023"",""0.2771"""
"2023-01-27,""27 Jan 2023"",""0.2204"""
"2023-02-03,""03 Feb 2023"",""0.3235"""
"2023-02-10,""10 Feb 2023"",""0.2528"""
"2023-02-17,""17 Feb 2023"",""0.2237"""
"2023-02-24,""24 Feb 2023"",""0.2154"""
"2023-03-03,""03 Mar 2023"",""0.2577"""
"2023-03-10,""10 Mar 2023"",""0.2465"""
"2023-03-17,""17 Mar 2023"",""0.4121"""
"2023-03-24,""24 Mar 2023"",""0.4391"""
"2023-03-31,""31 Mar 2023"",""0.3585"""
"2023-04-07,""07 Apr 2023"",""0.2413"""
"2023-04-14,""14 Apr 2023"",""0.3176"""
"2023-04-21,""21 Apr 2023"",""0.2699"""
"2023-04-28,""28 Apr 2023"",""0.2851"""
"2023-05-05,""05 May 2023"",""0.3002"""
"2023-05-12,""12 May 2023"",""0.2377"""
"2023-05-19,""19 May 2023"",""0.2193"""
"2023-05-26,""26 May 2023"",""0.2832"""
"2023-06-02,""02 Jun 2023"",""0.3151"""
"2023-06-09,""09 Jun 2023"",""0.2416"""
"2023-06-16,""16 Jun 2023"",""0.2554"""
"2023-06-23,""23 Jun 2023"",""0.2998"""
"2023-06-30,""30 Jun 2023"",""0.2585"""
"2023-07-07,""07 Jul 2023"",""0.2488"""
"2023-07-14,""14 Jul 2023"",""0.1890"""
"2023-07-21,""21 Jul 2023"",""0.2059"""
"2023-07-28,""28 Jul 2023"",""0.1661"""
"2023-08-04,""04 Aug 2023"",""0.1738"""
"2023-08-11,""11 Aug 2023"",""0.2026"""
"2023-08-18,""18 Aug 2023"",""0.1818"""
"2023-08-25,""25 Aug 2023"",""0.1681"""
"2023-09-01,""01 Sep 2023"",""0.1500"""
"2023-09-08,""08 Sep 2023"",""0.1443"""
"2023-09-15,""15 Sep 2023"",""0.1678"""
"2023-09-22,""22 Sep 2023"",""0.1764"""
"2023-09-29,""29 Sep 2023"",""0.1809"""
"2023-10-06,""06 Oct 2023"",""0.1308"""
"2023-10-13,""13 Oct 2023"",""0.1736"""
"2023-10-20,""20 Oct 2023"",""0.1598"""
"2023-10-27,""27 Oct 2023"",""0.1783"""
"2023-11-03,""03 Nov 2023"",""0.2076"""
"2023-11-10,""10 Nov 2023"",""0.1801"""
"2023-11-17,""17 Nov 2023"",""0.1621"""
"2023-11-24,""24 Nov 2023"",""0.1067"""
"2023-12-01,""01 Dec 2023"",""0.1198"""
"2023-12-08,""08 Dec 2023"",""0.1094"""
"2023-12-15,""15 Dec 2023"",""0.1071"""
"2023-12-22,""22 Dec 2023"",""0.0883"""
"2023-12-29,""29 Dec 2023"",""0.0641"""
"2024-01-05,""05 Jan 2024"",""0.1155"""
"2024-01-12,""12 Jan 2024"",""0.0834"""
"2024-01-19,""19 Jan 2024"",""0.0898"""
"2024-01-26,""26 Jan 2024"",""0.0937"""
"2024-02-02,""02 Feb 2024"",""0.0856"""
"2024-02-09,""09 Feb 2024"",""0.0752"""
"2024-02-16,""16 Feb 2024"",""0.0722"""
"2024-02-23,""23 Feb 2024"",""0.0678"""
"2024-03-01,""01 Mar 2024"",""0.0566"""
"2024-03-08,""08 Mar 2024"",""0.0533"""
"2024-03-15,""15 Mar 2024"",""0.0572"""
"2024-03-22,""22 Mar 2024"",""0.0421"""
"2024-03-29,""29 Mar 2024"",""0.0455"""
"2024-04-05,""05 Apr 2024"",""0.0587"""
"2024-04-12,""12 Apr 2024"",""0.0639"""
"2024-04-19,""19 Apr 2024"",""0.0658"""
"2024-04-26,""26 Apr 2024"",""0.0538"""
"2024-05-03,""03 May 2024"",""0.0527"""
"2024-05-10,""10 May 2024"",""0.0464"""
"2024-05-17,""17 May 2024"",""0.0413"""
"2024-05-24,""24 May 2024"",""0.0346"""
"2024-05-31,""31 May 2024"",""0.0576"""
"2024-06-07,""07 Jun 2024"",""0.0617"""
"2024-06-14,""14 Jun 2024"",""0.0683"""
"2024-06-21,""21 Jun 2024"",""0.0538"""
"2024-06-28,""28 Jun 2024"",""0.0488"""
"2024-07-05,""05 Jul 2024"",""0.0643"""
"2024-07-12,""12 Jul 2024"",""0.0572"""
"2024-07-19,""19 Jul 2024"",""0.0527"""
"2024-07-26,""26 Jul 2024"",""0.0478"""
"2024-08-02,""02 Aug 2024"",""0.0890"""
"2024-08-09,""09 Aug 2024"",""0.0905"""
"2024-08-16,""16 Aug 2024"",""0.0684"""
"2024-08-23,""23 Aug 2024"",""0.0581"""
"2024-08-30,""30 Aug 2024"",""0.0562"""
"2024-09-06,""06 Sep 2024"",""0.0963"""
"2024-09-13,""13 Sep 2024"",""0.0775"""
"2024-09-20,""20 Sep 2024"",""0.0792"""
"2024-09-27,""27 Sep 2024"",""0.0858"""
"2024-10-04,""04 Oct 2024"",""0.0806"""
"2024-10-11,""11 Oct 2024"",""0.0413"""
"2024-10-18,""18 Oct 2024"",""0.0546"""
"2024-10-25,""25 Oct 2024"",""0.0500"""
"2024-11-01,""01 Nov 2024"",""0.0770"""
"2024-11-08,""08 Nov 2024"",""0.0870"""
"2024-11-15,""15 Nov 2024"",""0.0695"""
"2024-11-22,""22 Nov 2024"",""0.0564"""
"2024-11-29,""29 Nov 2024"",""0.0479"""
"2024-12-06,""06 Dec 2024"",""0.0505"""
"2024-12-13,""13 Dec 2024"",""0.0337"""
"2024-12-20,""20 Dec 2024"",""0.0468"""
"2024-12-27,""27 Dec 2024"",""0.0265"""
"2025-01-03,""03 Jan 2025"",""0.0620"""
"2025-01-10,""10 Jan 2025"",""0.0594"""
"2025-01-17,""17 Jan 2025"",""0.0685"""
"2025-01-24,""24 Jan 2025"",""0.0425"""
"2025-01-31,""31 Jan 2025"",""0.0419"""
"2025-02-07,""07 Feb 2025"",""0.0683"""
"2025-02-14,""14 Feb 2025"",""0.0736"""
"2025-02-21,""21 Feb 2025"",""0.0575"""
"2025-02-28,""28 Feb 2025"",""0.0507"""
"2025-03-07,""07 Mar 2025"",""0.1288"""
"2025-03-14,""14 Mar 2025"",""0.1037"""
"2025-03-21,""21 Mar 2025"",""0.0752"""
"2025-03-28,""28 Mar 2025"",""0.0726"""
"2025-04-04,""04 Apr 2025"",""0.1447"""
"2025-04-11,""11 Apr 2025"",""0.1849"""
"2025-04-18,""18 Apr 2025"",""0.1243"""
"2025-04-25,""25 Apr 2025"",""0.1167"""
"2025-05-02,""02 May 2025"",""0.0941"""