date,jln,vxo,vix,jln_z,vxo_z,vix_z
1960-07-01,0.855328870135846,NA,NA,-0.8116120914299338,NA,NA
1960-08-01,0.85724874419183,NA,NA,-0.7844840461859267,NA,NA
1960-09-01,0.862350470120923,NA,NA,-0.7123960613540092,NA,NA
1960-10-01,0.868105506406875,NA,NA,-0.6310767246716895,NA,NA
1960-11-01,0.876932680719875,NA,NA,-0.5063477178946926,NA,NA
1960-12-01,0.886541318479049,NA,NA,-0.3705765411074941,NA,NA
1961-01-01,0.890461271608359,NA,NA,-0.3151871443317729,NA,NA
1961-02-01,0.893063957736155,NA,NA,-0.2784108845501828,NA,NA
1961-03-01,0.891585122043082,NA,NA,-0.29930700607705824,NA,NA
1961-04-01,0.88634558864808,NA,NA,-0.3733422265406508,NA,NA
1961-05-01,0.882059510099876,NA,NA,-0.4339050183616256,NA,NA
1961-06-01,0.878829219532166,NA,NA,-0.4795494023768142,NA,NA
1961-07-01,0.875505042552546,NA,NA,-0.5265204123871562,NA,NA
1961-08-01,0.873657950014075,NA,NA,-0.5526200462653952,NA,NA
1961-09-01,0.868816775600687,NA,NA,-0.6210264076676856,NA,NA
1961-10-01,0.863376074514568,NA,NA,-0.6979041511651433,NA,NA
1961-11-01,0.857104760765493,NA,NA,-0.7865185488617042,NA,NA
1961-12-01,0.85374579250749,NA,NA,-0.8339811637099416,NA,NA
1962-01-01,0.853997659073559,NA,NA,-0.8304222596357531,NA,NA
1962-02-01,0.85274239833602306,NA,NA,-0.8481592408584343,NA,NA
1962-03-01,0.848545225945123,NA,NA,-0.9074657782650661,NA,NA
1962-04-01,0.84534109682814,NA,NA,-0.9527404979177626,NA,NA
1962-05-01,0.843933628528697,NA,NA,-0.9726281898149406,NA,NA
1962-06-01,0.841052997058942,NA,NA,-1.0133318498280846,NA,NA
1962-07-01,0.83572524525381,NA,NA,-1.0886136067579106,NA,NA
1962-08-01,0.829528673241731,NA,NA,-1.1761718949578501,NA,NA
1962-09-01,0.823900243404757,NA,NA,-1.2557022676894602,NA,NA
1962-10-01,0.818913483553339,NA,NA,-1.32616576838036,NA,NA
1962-11-01,0.813500506511849,NA,NA,-1.402651767880497,NA,NA
1962-12-01,0.808716708501649,NA,NA,-1.470247393986496,NA,NA
1963-01-01,0.804301233215834,NA,NA,-1.5326385768633308,NA,NA
1963-02-01,0.799403844364477,NA,NA,-1.601839254857295,NA,NA
1963-03-01,0.796894857023107,NA,NA,-1.6372915398137906,NA,NA
1963-04-01,0.798294080627076,NA,NA,-1.6175203464291816,NA,NA
1963-05-01,0.797565122342387,NA,NA,-1.6278206123588144,NA,NA
1963-06-01,0.797493350113161,NA,NA,-1.6288347623628918,NA,NA
1963-07-01,0.798116692743749,NA,NA,-1.6200268579941641,NA,NA
1963-08-01,0.799975189969822,NA,NA,-1.593766074544527,NA,NA
1963-09-01,0.799509946934672,NA,NA,-1.6003400131149603,NA,NA
1963-10-01,0.798509334818604,NA,NA,-1.6144787794948645,NA,NA
1963-11-01,0.799329416230269,NA,NA,-1.6028909331097974,NA,NA
1963-12-01,0.799486180627532,NA,NA,-1.6006758338180784,NA,NA
1964-01-01,0.799586961554263,NA,NA,-1.5992517875210979,NA,NA
1964-02-01,0.797412243173186,NA,NA,-1.6299808129230244,NA,NA
1964-03-01,0.794901416594812,NA,NA,-1.6654590865137782,NA,NA
1964-04-01,0.795210023693681,NA,NA,-1.6610984320663433,NA,NA
1964-05-01,0.794603420906195,NA,NA,-1.6696698004916686,NA,NA
1964-06-01,0.798525203101602,NA,NA,-1.6142545587977963,NA,NA
1964-07-01,0.80576573313491,NA,NA,-1.5119450215018695,NA,NA
1964-08-01,0.813403853129936,NA,NA,-1.4040174914858294,NA,NA
1964-09-01,0.823907770877679,NA,NA,-1.255595903615544,NA,NA
1964-10-01,0.836455406906345,NA,NA,-1.0782963370996892,NA,NA
1964-11-01,0.842562996200449,NA,NA,-0.9919953851253401,NA,NA
1964-12-01,0.831321201961747,NA,NA,-1.1508432542242502,NA,NA
1965-01-01,0.822215439510376,NA,NA,-1.279508744021379,NA,NA
1965-02-01,0.815210653370837,NA,NA,-1.378487192490813,NA,NA
1965-03-01,0.810413835114978,NA,NA,-1.4462667961927504,NA,NA
1965-04-01,0.807008168541487,NA,NA,-1.4943892637075875,NA,NA
1965-05-01,0.804691180482709,NA,NA,-1.5271285763163727,NA,NA
1965-06-01,0.805712476338576,NA,NA,-1.5126975462708747,NA,NA
1965-07-01,0.807635290955264,NA,NA,-1.4855279505597556,NA,NA
1965-08-01,0.80634534777309,NA,NA,-1.5037549987867713,NA,NA
1965-09-01,0.80786702255009,NA,NA,-1.4822535559871988,NA,NA
1965-10-01,0.808382323875862,NA,NA,-1.4749722879080416,NA,NA
1965-11-01,0.811131569057813,NA,NA,-1.4361251315279766,NA,NA
1965-12-01,0.818388489199144,NA,NA,-1.3335840000862689,NA,NA
1966-01-01,0.820798439755637,NA,NA,-1.2995311164981012,NA,NA
1966-02-01,0.826299487699261,NA,NA,-1.2218006648369888,NA,NA
1966-03-01,0.831327764008602,NA,NA,-1.1507505317337197,NA,NA
1966-04-01,0.83513741802214,NA,NA,-1.0969196743807836,NA,NA
1966-05-01,0.83935861274176,NA,NA,-1.0372736986561268,NA,NA
1966-06-01,0.840295000479986,NA,NA,-1.024042430256332,NA,NA
1966-07-01,0.841200833558026,NA,NA,-1.0112429027831642,NA,NA
1966-08-01,0.843880566063577,NA,NA,-0.9733779686611356,NA,NA
1966-09-01,0.847333498626641,NA,NA,-0.9245876271783972,NA,NA
1966-10-01,0.846865800836707,NA,NA,-0.9311962517214002,NA,NA
1966-11-01,0.848628836851417,NA,NA,-0.9062843463676118,NA,NA
1966-12-01,0.851335560264122,NA,NA,-0.86803802756664,NA,NA
1967-01-01,0.854157843965714,NA,NA,-0.8281588283506408,NA,NA
1967-02-01,0.855749089566832,NA,NA,-0.805674341658969,NA,NA
1967-03-01,0.852515837161539,NA,NA,-0.8513605767860605,NA,NA
1967-04-01,0.850606072259295,NA,NA,-0.8783457785038583,NA,NA
1967-05-01,0.851699594273757,NA,NA,-0.8628941843791387,NA,NA
1967-06-01,0.856853174490886,NA,NA,-0.7900734923847113,NA,NA
1967-07-01,0.863434978387696,NA,NA,-0.697071832539719,NA,NA
1967-08-01,0.866401151384761,NA,NA,-0.6551594607280725,NA,NA
1967-09-01,0.866994338720567,NA,NA,-0.6467776542060462,NA,NA
1967-10-01,0.868831016158421,NA,NA,-0.6208251869192195,NA,NA
1967-11-01,0.87609710503117,NA,NA,-0.5181545002288408,NA,NA
1967-12-01,0.878296200490528,NA,NA,-0.4870810238560475,NA,NA
1968-01-01,0.879875741771025,NA,NA,-0.46476192058542254,NA,NA
1968-02-01,0.873186049508254,NA,NA,-0.5592880556760551,NA,NA
1968-03-01,0.866760170615118,NA,NA,-0.6500864769590403,NA,NA
1968-04-01,0.866323983934645,NA,NA,-0.656249845835151,NA,NA
1968-05-01,0.86109179290767,NA,NA,-0.7301813177786705,NA,NA
1968-06-01,0.857954189060927,NA,NA,-0.7745160275722213,NA,NA
1968-07-01,0.853049658777817,NA,NA,-0.8438176148331747,NA,NA
1968-08-01,0.851677572066553,NA,NA,-0.8632053607459108,NA,NA
1968-09-01,0.850984424842346,NA,NA,-0.8729996121971646,NA,NA
1968-10-01,0.853471676474711,NA,NA,-0.8378544553543389,NA,NA
1968-11-01,0.857938500656737,NA,NA,-0.774737706560666,NA,NA
1968-12-01,0.862312503367159,NA,NA,-0.7129325360309119,NA,NA
1969-01-01,0.866146086328101,NA,NA,-0.6587635598488835,NA,NA
1969-02-01,0.873561952954639,NA,NA,-0.5539764959572663,NA,NA
1969-03-01,0.881024218930127,NA,NA,-0.44853380383124375,NA,NA
1969-04-01,0.890828713776971,NA,NA,-0.30999514345880125,NA,NA
1969-05-01,0.899971709976206,NA,NA,-0.18080353644397748,NA,NA
1969-06-01,0.900595104471807,NA,NA,-0.17199489921654126,NA,NA
1969-07-01,0.899531458678575,NA,NA,-0.18702433883653166,NA,NA
1969-08-01,0.899520313619851,NA,NA,-0.18718181982147955,NA,NA
1969-09-01,0.898369316228362,NA,NA,-0.20344554775442655,NA,NA
1969-10-01,0.898483811713696,NA,NA,-0.20182771313830034,NA,NA
1969-11-01,0.901634116831924,NA,NA,-0.15731353289124364,NA,NA
1969-12-01,0.906753949065641,NA,NA,-0.08496970385459332,NA,NA
1970-01-01,0.915909220369555,NA,NA,0.044395351826860566,NA,NA
1970-02-01,0.918650068892088,NA,NA,0.08312386242603037,NA,NA
1970-03-01,0.921220301582629,NA,NA,0.11944155133864441,NA,NA
1970-04-01,0.920581336054973,NA,NA,0.11041289360477637,NA,NA
1970-05-01,0.917370724477526,NA,NA,0.06504657602657471,NA,NA
1970-06-01,0.909986333443268,NA,NA,-0.03929573406007674,NA,NA
1970-07-01,0.907533407195193,NA,NA,-0.07395586920310092,NA,NA
1970-08-01,0.908484662820967,NA,NA,-0.06051451581110157,NA,NA
1970-09-01,0.909724615813733,NA,NA,-0.04299383481468088,NA,NA
1970-10-01,0.916616960149212,NA,NA,0.05439579779553049,NA,NA
1970-11-01,0.919166685307093,NA,NA,0.09042371287005851,NA,NA
1970-12-01,0.926002787956861,NA,NA,0.1870186438748113,NA,NA
1971-01-01,0.914679339817674,NA,NA,0.02701699559971045,NA,NA
1971-02-01,0.903427102698062,NA,NA,-0.13197843262940326,NA,NA
1971-03-01,0.893859390006083,NA,NA,-0.2671713334244748,NA,NA
1971-04-01,0.889036146616562,NA,NA,-0.3353243273596557,NA,NA
1971-05-01,0.884182876844287,NA,NA,-0.4039015975994867,NA,NA
1971-06-01,0.882271232454235,NA,NA,-0.4309133567001142,NA,NA
1971-07-01,0.883041117789586,NA,NA,-0.42003478675173433,NA,NA
1971-08-01,0.884255017256924,NA,NA,-0.40288224512069304,NA,NA
1971-09-01,0.885932901077928,NA,NA,-0.37917355023598837,NA,NA
1971-10-01,0.883449927802527,NA,NA,-0.4142582533938832,NA,NA
1971-11-01,0.883911060750695,NA,NA,-0.4077423908338286,NA,NA
1971-12-01,0.889956984945965,NA,NA,-0.32231277392749264,NA,NA
1972-01-01,0.889254586167966,NA,NA,-0.3322377509172593,NA,NA
1972-02-01,0.88000131220174,NA,NA,-0.4629875956940946,NA,NA
1972-03-01,0.873563566040508,NA,NA,-0.5539537028650319,NA,NA
1972-04-01,0.866544215905255,NA,NA,-0.6531379422994675,NA,NA
1972-05-01,0.866403438698081,NA,NA,-0.6551271407229983,NA,NA
1972-06-01,0.870455682302064,NA,NA,-0.5978684640478494,NA,NA
1972-07-01,0.878777138554761,NA,NA,-0.4802853126866545,NA,NA
1972-08-01,0.887079746772253,NA,NA,-0.3629684862701656,NA,NA
1972-09-01,0.891230160309043,NA,NA,-0.3043226569479521,NA,NA
1972-10-01,0.896395243281494,NA,NA,-0.2313394296737593,NA,NA
1972-11-01,0.90065997284801,NA,NA,-0.17107830146417535,NA,NA
1972-12-01,0.90853510519533,NA,NA,-0.05980175915413744,NA,NA
1973-01-01,0.91935805877079,NA,NA,0.0931278423234952,NA,NA
1973-02-01,0.933067528015371,NA,NA,0.2868442482403993,NA,NA
1973-03-01,0.941761015452328,NA,NA,0.4096842438030839,NA,NA
1973-04-01,0.951742979684357,NA,NA,0.5507305673713042,NA,NA
1973-05-01,0.964427833083471,NA,NA,0.7299690314008659,NA,NA
1973-06-01,0.981662402178617,NA,NA,0.9734955110242774,NA,NA
1973-07-01,1.00791516619553,NA,NA,1.344450140996639,NA,NA
1973-08-01,1.02364075437597,NA,NA,1.56665454358125,NA,NA
1973-09-01,1.02792432585386,NA,NA,1.6271819102050893,NA,NA
1973-10-01,1.02456970099269,NA,NA,1.579780668062749,NA,NA
1973-11-01,1.02013416038086,NA,NA,1.5171059597795091,NA,NA
1973-12-01,1.01844185948724,NA,NA,1.4931935499703823,NA,NA
1974-01-01,1.01536734990918,NA,NA,1.4497503695821772,NA,NA
1974-02-01,1.01311539345084,NA,NA,1.4179299611033123,NA,NA
1974-03-01,1.01297307059192,NA,NA,1.4159189224396032,NA,NA
1974-04-01,1.01504393713724,NA,NA,1.4451805092403838,NA,NA
1974-05-01,1.01793331713605,NA,NA,1.4860077869936004,NA,NA
1974-06-01,1.02299407325062,NA,NA,1.557516863548405,NA,NA
1974-07-01,1.0293644407463,NA,NA,1.6475309022845004,NA,NA
1974-08-01,1.03283617490184,NA,NA,1.6965869124707436,NA,NA
1974-09-01,1.03168600255605,NA,NA,1.6803348425301412,NA,NA
1974-10-01,1.03272733177757,NA,NA,1.695048946378389,NA,NA
1974-11-01,1.03613956747724,NA,NA,1.7432642364154343,NA,NA
1974-12-01,1.03504806715471,NA,NA,1.7278412090344701,NA,NA
1975-01-01,1.0237323383971,NA,NA,1.5679486365250543,NA,NA
1975-02-01,1.00983060710652,NA,NA,1.371515545382725,NA,NA
1975-03-01,0.998728624164872,NA,NA,1.2146432262842357,NA,NA
1975-04-01,0.987482702759327,NA,NA,1.0557370398345112,NA,NA
1975-05-01,0.972718256817908,NA,NA,0.8471136896448856,NA,NA
1975-06-01,0.961778148485246,NA,NA,0.6925286777282088,NA,NA
1975-07-01,0.95445490660198,NA,NA,0.5890504123061397,NA,NA
1975-08-01,0.940133401909767,NA,NA,0.3866858738398389,NA,NA
1975-09-01,0.926575079786435,NA,NA,0.1951051944467469,NA,NA
1975-10-01,0.918477305256863,NA,NA,0.08068269202826638,NA,NA
1975-11-01,0.912655665686538,NA,NA,-0.0015777568620334939,NA,NA
1975-12-01,0.91072704622319,NA,NA,-0.028829375736253538,NA,NA
1976-01-01,0.9096681846155,NA,NA,-0.043791214254267366,NA,NA
1976-02-01,0.900682840826672,NA,NA,-0.17075517424765363,NA,NA
1976-03-01,0.891197907155823,NA,NA,-0.30477839778005833,NA,NA
1976-04-01,0.885577751240084,NA,NA,-0.384191859035675,NA,NA
1976-05-01,0.881392480893081,NA,NA,-0.44333021916821547,NA,NA
1976-06-01,0.874718703507947,NA,NA,-0.5376314751740737,NA,NA
1976-07-01,0.870588696955913,NA,NA,-0.5959889514118597,NA,NA
1976-08-01,0.869638559276773,NA,NA,-0.6094145080870009,NA,NA
1976-09-01,0.873955990012696,NA,NA,-0.5484087061819591,NA,NA
1976-10-01,0.879299914334767,NA,NA,-0.47289842969385126,NA,NA
1976-11-01,0.881214122536901,NA,NA,-0.44585044362826065,NA,NA
1976-12-01,0.881307355770858,NA,NA,-0.4445330471140749,NA,NA
1977-01-01,0.881130065712543,NA,NA,-0.44703817640018034,NA,NA
1977-02-01,0.88012517258608,NA,NA,-0.46123743395830663,NA,NA
1977-03-01,0.872974028236032,NA,NA,-0.5622839410819765,NA,NA
1977-04-01,0.864748525591903,NA,NA,-0.678511256717154,NA,NA
1977-05-01,0.862797267544884,NA,NA,-0.7060827614298089,NA,NA
1977-06-01,0.859427458738613,NA,NA,-0.753698554494589,NA,NA
1977-07-01,0.858860242857562,NA,NA,-0.7617133813194588,NA,NA
1977-08-01,0.860991170594051,NA,NA,-0.7316031228538038,NA,NA
1977-09-01,0.86189429465884,NA,NA,-0.7188418740551195,NA,NA
1977-10-01,0.866498484543057,NA,NA,-0.6537841318028417,NA,NA
1977-11-01,0.869709444552773,NA,NA,-0.6084128908358758,NA,NA
1977-12-01,0.876209577917602,NA,NA,-0.5165652451720615,NA,NA
1978-01-01,0.887515248362508,NA,NA,-0.3568147977990649,NA,NA
1978-02-01,0.890108017750695,NA,NA,-0.32017866270948026,NA,NA
1978-03-01,0.890992238243002,NA,NA,-0.3076845236037314,NA,NA
1978-04-01,0.89188504709325,NA,NA,-0.29506902999450857,NA,NA
1978-05-01,0.891257394639463,NA,NA,-0.30393783266975527,NA,NA
1978-06-01,0.89174048900951,NA,NA,-0.29711165264668915,NA,NA
1978-07-01,0.896072862267991,NA,NA,-0.23589471114801028,NA,NA
1978-08-01,0.899570371955701,NA,NA,-0.18647448967367802,NA,NA
1978-09-01,0.904231905133026,NA,NA,-0.12060647997441525,NA,NA
1978-10-01,0.909820641943812,NA,NA,-0.04163697435121976,NA,NA
1978-11-01,0.916009962897373,NA,NA,0.04581885554270284,NA,NA
1978-12-01,0.917730460808371,NA,NA,0.07012969250948058,NA,NA
1979-01-01,0.925480227537834,NA,NA,0.179634803957861,NA,NA
1979-02-01,0.933478059868349,NA,NA,0.29264511139961624,NA,NA
1979-03-01,0.945968169707898,NA,NA,0.46913182612646,NA,NA
1979-04-01,0.962552874094122,NA,NA,0.7034756413083323,NA,NA
1979-05-01,0.972149613408361,NA,NA,0.8390786916751927,NA,NA
1979-06-01,0.9751220714262,NA,NA,0.8810798715664021,NA,NA
1979-07-01,0.981904142586422,NA,NA,0.976911331296341,NA,NA
1979-08-01,0.994599426422313,NA,NA,1.1562971786190503,NA,NA
1979-09-01,1.01102440962686,NA,NA,1.3883841147991676,NA,NA
1979-10-01,1.03173988844971,NA,NA,1.6810962565180367,NA,NA
1979-11-01,1.04629532093671,NA,NA,1.886766222119538,NA,NA
1979-12-01,1.0617085215341,NA,NA,2.104556551572509,NA,NA
1980-01-01,1.0830678436383,NA,NA,2.4063662742561682,NA,NA
1980-02-01,1.11101993567824,NA,NA,2.8013326081991106,NA,NA
1980-03-01,1.14115503935766,NA,NA,3.227145152256424,NA,NA
1980-04-01,1.16913104406382,NA,NA,3.622449374973428,NA,NA
1980-05-01,1.17096918708127,NA,NA,3.648422551071576,NA,NA
1980-06-01,1.15236450814991,NA,NA,3.385536259011394,NA,NA
1980-07-01,1.14247895390592,NA,NA,3.245852219864559,NA,NA
1980-08-01,1.13581705559197,NA,NA,3.151718816525668,NA,NA
1980-09-01,1.1243250001894,NA,NA,2.9893347278736764,NA,NA
1980-10-01,1.11723390190002,NA,NA,2.8891366786191286,NA,NA
1980-11-01,1.11586846174424,NA,NA,2.869842849313749,NA,NA
1980-12-01,1.11883393870907,NA,NA,2.911745386108403,NA,NA
1981-01-01,1.12153755328262,NA,NA,2.9499477766480426,NA,NA
1981-02-01,1.12188153987124,NA,NA,2.9548083474288878,NA,NA
1981-03-01,1.11462660699821,NA,NA,2.8522952963209973,NA,NA
1981-04-01,1.11306468335569,NA,NA,2.8302251323381573,NA,NA
1981-05-01,1.11306746438498,NA,NA,2.830264428607706,NA,NA
1981-06-01,1.11619680433618,NA,NA,2.8744823685894647,NA,NA
1981-07-01,1.10884112368236,NA,NA,2.770545739540623,NA,NA
1981-08-01,1.10527310266057,NA,NA,2.7201291846582856,NA,NA
1981-09-01,1.10570408372754,NA,NA,2.72621899760598,NA,NA
1981-10-01,1.10132276141649,NA,NA,2.6643104002621665,NA,NA
1981-11-01,1.1005012276406,NA,NA,2.652702031800518,NA,NA
1981-12-01,1.09320510641287,NA,NA,2.549606984417223,NA,NA
1982-01-01,1.09188608534927,NA,NA,2.5309690623203998,NA,NA
1982-02-01,1.0905062685608,NA,NA,2.511472089511488,NA,NA
1982-03-01,1.07980736417007,NA,NA,2.360295317541265,NA,NA
1982-04-01,1.07132088898214,NA,NA,2.240380429300159,NA,NA
1982-05-01,1.06513376448113,NA,NA,2.152955635538007,NA,NA
1982-06-01,1.06178264345332,NA,NA,2.10560390297137,NA,NA
1982-07-01,1.0550086320659,NA,NA,2.0098863287749893,NA,NA
1982-08-01,1.04495191716731,NA,NA,1.867783769534347,NA,NA
1982-09-01,1.03425004659874,NA,NA,1.7165650851238816,NA,NA
1982-10-01,1.02469806601632,NA,NA,1.5815944808792368,NA,NA
1982-11-01,1.00944722637097,NA,NA,1.3660983306923837,NA,NA
1982-12-01,0.999016794692971,NA,NA,1.2187151095934008,NA,NA
1983-01-01,0.992880110514264,NA,NA,1.1320030434923622,NA,NA
1983-02-01,0.979264945088252,NA,NA,0.9396191615755867,NA,NA
1983-03-01,0.967355796100703,NA,NA,0.7713414917227701,NA,NA
1983-04-01,0.956383152478734,NA,NA,0.6162967523580366,NA,NA
1983-05-01,0.943776077863005,NA,NA,0.4381573116462382,NA,NA
1983-06-01,0.938217026107852,NA,NA,0.35960725933549903,NA,NA
1983-07-01,0.92940666483244,NA,NA,0.2351158227485654,NA,NA
1983-08-01,0.922734113778672,NA,NA,0.14083189494852077,NA,NA
1983-09-01,0.919020352132766,NA,NA,0.08835600798000652,NA,NA
1983-10-01,0.910186107090656,NA,NA,-0.036472909027356414,NA,NA
1983-11-01,0.904840283475112,NA,NA,-0.11201002275465975,NA,NA
1983-12-01,0.904582521456525,NA,NA,-0.11565223026333563,NA,NA
1984-01-01,0.90872997796872,NA,NA,-0.05704818404494071,NA,NA
1984-02-01,0.908200125897905,NA,NA,-0.06453505585556796,NA,NA
1984-03-01,0.905924405259188,NA,NA,-0.09669125498613788,NA,NA
1984-04-01,0.903925011245235,NA,NA,-0.12494292654868533,NA,NA
1984-05-01,0.909671681099648,NA,NA,-0.04374180852378936,NA,NA
1984-06-01,0.912320940126635,NA,NA,-0.006307468222563499,NA,NA
1984-07-01,0.915529856022489,NA,NA,0.03903488917615048,NA,NA
1984-08-01,0.920144611941582,NA,NA,0.10424193073859572,NA,NA
1984-09-01,0.920727997729854,NA,NA,0.11248524024612622,NA,NA
1984-10-01,0.924628295167055,NA,NA,0.16759689979050588,NA,NA
1984-11-01,0.926632217591703,NA,NA,0.19591255832648732,NA,NA
1984-12-01,0.927022110096055,NA,NA,0.20142178507258152,NA,NA
1985-01-01,0.927254067078724,NA,NA,0.20469936440175557,NA,NA
1985-02-01,0.929054062764787,NA,NA,0.23013351424004136,NA,NA
1985-03-01,0.930540450913997,NA,NA,0.25113635285658753,NA,NA
1985-04-01,0.931475864797461,NA,NA,0.26435386057455124,NA,NA
1985-05-01,0.92433604498117,NA,NA,0.16346737043906268,NA,NA
1985-06-01,0.918932699395455,NA,NA,0.0871174645369491,NA,NA
1985-07-01,0.913701419751114,NA,NA,0.01319887053677886,NA,NA
1985-08-01,0.909664992861362,NA,NA,-0.043836314114017644,NA,NA
1985-09-01,0.910428391439444,NA,NA,-0.033049402805502635,NA,NA
1985-10-01,0.915455801183734,NA,NA,0.037988485632115036,NA,NA
1985-11-01,0.920146230312157,NA,NA,0.10426479850434485,NA,NA
1985-12-01,0.928254438852489,NA,NA,0.2188347347167715,NA,NA
1986-01-01,0.936101964693408,18.121363636363636,NA,0.32972119385841575,-0.2391438665958285,NA
1986-02-01,0.948125047738803,20.62421052631579,NA,0.49960876529120607,0.05443562541163583,NA
1986-03-01,0.946680606182645,23.564,NA,0.47919863694677395,0.399267705934788,NA
1986-04-01,0.941189814393147,23.015454545454546,NA,0.4016131059445396,0.33492429901885923,NA
1986-05-01,0.937624648934691,18.8875,NA,0.35123690050652273,-0.14927743275691743,NA
1986-06-01,0.931421997325194,18.598095238095237,NA,0.2635927068830971,-0.1832240969838153,NA
1986-07-01,0.927169073983566,19.63909090909091,NA,0.2034984020137853,-0.06111715488528293,NA
1986-08-01,0.924340632079954,18.63809523809524,NA,0.1635321866820679,-0.17853216807380362,NA
1986-09-01,0.921813411313945,22.705238095238094,NA,0.1278222613001398,0.2985364607405674,NA
1986-10-01,0.919604066534727,22.52391304347826,NA,0.09660396083744646,0.27726735442903544,NA
1986-11-01,0.922649073633014,18.63157894736842,NA,0.13963026773147635,-0.17929651739498356,NA
1986-12-01,0.932444068594945,19.758636363636363,NA,0.2780346936175831,-0.047094685529226445,NA
1987-01-01,0.937275994961733,20.766666666666666,NA,0.34631037903839407,0.07114547749465877,NA
1987-02-01,0.929955902046877,23.446315789473683,NA,0.24287660890872861,0.38546355719428066,NA
1987-03-01,0.916537625079011,21.837272727272726,NA,0.0532747839628052,0.196725665669433,NA
1987-04-01,0.908901763031102,26.88142857142857,NA,-0.054620840996046915,0.7883961814643745,NA
1987-05-01,0.901434004142338,25.4115,NA,-0.16014114862992607,0.6159761724659385,NA
1987-06-01,0.896942396190623,21.624545454545455,NA,-0.223608094991686,0.17177313464800903,NA
1987-07-01,0.895746942650969,17.80090909090909,NA,-0.24049999350438386,-0.2767326152498969,NA
1987-08-01,0.898333309081136,20.84904761904762,NA,-0.20395433296146237,0.08080861679742062,NA
1987-09-01,0.902744838783786,22.893809523809523,NA,-0.14161890163680846,0.3206555541734782,NA
1987-10-01,0.909237990288031,58.219545454545454,NA,-0.04986991048067921,4.4643015961946695,NA
1987-11-01,0.913437259287274,49.4365,NA,0.009466252247369904,3.4340659740415234,NA
1987-12-01,0.911493297448977,41.76409090909091,NA,-0.018002156181597742,2.5341060234647608,NA
1988-01-01,0.910253751846255,38.3365,NA,-0.03551708070898755,2.1320557015133654,NA
1988-02-01,0.903626200471792,33.674,NA,-0.12916515777062137,1.585152737940164,NA
1988-03-01,0.896363085327845,29.356956521739132,NA,-0.23179382532477866,1.0787712104044578,NA
1988-04-01,0.893106321171143,27.405,NA,-0.27781228425269794,0.8498101795186308,NA
1988-05-01,0.888369853712306,25.716666666666665,NA,-0.3447391241251418,0.6517716801085668,NA
1988-06-01,0.887673757804509,25.27090909090909,NA,-0.3545750408208384,0.5994851086947279,NA
1988-07-01,0.883168067065356,23.644,NA,-0.4182409786183065,0.40865156375481054,NA
1988-08-01,0.88118444410265,23.707391304347826,NA,-0.4462698033798154,0.41608725109263317,NA
1988-09-01,0.88098947746303,19.524285714285714,NA,-0.44902470482983314,-0.07458360019843266,NA
1988-10-01,0.882419580514146,20.48190476190476,NA,-0.42881718124080004,0.03774341215910165,NA
1988-11-01,0.88529974499518,21.65904761904762,NA,-0.3881201198329725,0.1758201772251509,NA
1988-12-01,0.890779838350602,17.754285714285714,NA,-0.31068575895710737,-0.28220145446643613,NA
1989-01-01,0.89683634853337,17.758095238095237,NA,-0.2251065608077185,-0.2817546040940543,NA
1989-02-01,0.900491085215202,18.312631578947368,NA,-0.1734647034938752,-0.21670847686165332,NA
1989-03-01,0.902809422437577,17.475454545454546,NA,-0.14070632704546715,-0.3149078550177166,NA
1989-04-01,0.906296964513412,16.8875,NA,-0.09142694909421743,-0.38387387825748637,NA
1989-05-01,0.911653597599899,17.435,NA,-0.015737096276611944,-0.3196531013017057,NA
1989-06-01,0.911754442891077,16.732272727272726,NA,-0.01431214050245782,-0.4020817614707693,NA
1989-07-01,0.911760271692481,18.0565,NA,-0.014229778856019205,-0.24675225586240376,NA
1989-08-01,0.910498553472771,19.323478260869564,NA,-0.03205800505804429,-0.09813795759915761,NA
1989-09-01,0.903917748904194,16.7465,NA,-0.1250455442780755,-0.40041292766527625,NA
1989-10-01,0.899855761618748,21.950909090909093,NA,-0.1824419003133598,0.2100550091637839,NA
1989-11-01,0.899451478415831,20.932380952380953,NA,-0.1881544693154477,0.09058346869327752,NA
1989-12-01,0.905033552689105,18.235,NA,-0.1092791061275332,-0.22581452310147804,NA
1990-01-01,0.915449753930414,23.49909090909091,23.347272727272728,0.03790303723451925,0.39165398493081505,0.5176141186994323
1990-02-01,0.915964475947788,23.326842105263157,23.262631578947367,0.04517611961817211,0.3714495063709573,0.5062569469225334
1990-03-01,0.913397381187038,18.831363636363637,20.062272727272727,0.008902770020982255,-0.15586212844312644,0.07683194566345641
1990-04-01,0.911640301062913,20.4575,21.4035,-0.01592497790135589,0.03488077696102922,0.2567981775684315
1990-05-01,0.909620117354258,18.151818181818182,18.097727272727273,-0.04447041028468721,-0.23557160253934248,-0.18677128553364997
1990-06-01,0.912564192008694,17.582857142857144,16.822380952380954,-0.0028702906422851987,-0.3023097212236277,-0.3578975937393383
1990-07-01,0.920146118805604,18.93285714285714,18.392857142857142,0.10426322290369276,-0.14395712051074389,-0.1471706811246182
1990-08-01,0.928663929906212,27.77521739130435,28.175217391304347,0.22462089126062917,0.8932360215498774,1.1654290168148969
1990-09-01,0.928868810838137,28.818947368421053,29.10736842105263,0.22751588282196145,1.0156636928968619,1.2905052897190585
1990-10-01,0.932419650394424,30.130434782608695,29.625652173913043,0.2776896615846502,1.1694988357404386,1.360048741419227
1990-11-01,0.938450725682373,25.106666666666666,24.885714285714286,0.3629094616916126,0.5802197642308934,0.7240426158740817
1990-12-01,0.936036845902457,22.5845,23.363,0.3288010577163343,0.28437409675088415,0.5197244083337265
1991-01-01,0.934353996657044,26.93181818181818,27.42909090909091,0.30502220080323894,0.7943067932081549,1.0653135671376588
1991-02-01,0.93131009857403,22.11263157894737,21.59842105263158,0.26201156442489054,0.22902476958942775,0.28295273621360856
1991-03-01,0.921744156811363,19.041052631578946,17.74421052631579,0.12684368706838753,-0.13126598197407777,-0.2342062565193003
1991-04-01,0.908980049882684,18.927272727272726,17.37272727272727,-0.053514638615163285,-0.14461216253389483,-0.2840519782128229
1991-05-01,0.896647606856264,17.180454545454545,16.93227272727273,-0.22777350280842076,-0.34951083072905076,-0.343152286179041
1991-06-01,0.888450999654728,17.575,17.135,-0.3435925224558665,-0.3032313501166658,-0.31595028684680826
1991-07-01,0.881365629724785,17.669545454545453,17.294090909090908,-0.4437096293207283,-0.2921413363293663,-0.2946034263842942
1991-08-01,0.877345984687123,15.932727272727272,15.681363636363637,-0.500507684436203,-0.49586702229701934,-0.5109996004442972
1991-09-01,0.873977864782506,17.029,16.9565,-0.5480996131228283,-0.36727617973832105,-0.33990146428574985
1991-10-01,0.874431956627696,16.846363636363638,16.36391304347826,-0.541683242172425,-0.38869910060244106,-0.41941493960033965
1991-11-01,0.877222716863547,17.6815,17.7735,-0.5022494732190017,-0.2907390893937604,-0.23027618715625447
1991-12-01,0.880150877643792,18.018571428571427,18.347619047619048,-0.46087421848256455,-0.2512012098824326,-0.15324074076633984
1992-01-01,0.880472566158375,17.499545454545455,17.68318181818182,-0.45632872209915026,-0.3120820341969144,-0.24239510479597312
1992-02-01,0.879197584789822,17.050526315789472,17.47736842105263,-0.4743443581475498,-0.3647511811538545,-0.2700112011206366
1992-03-01,0.875735531305385,16.222727272727273,17.520454545454545,-0.5232635793174241,-0.4618505376994368,-0.2642298934976309
1992-04-01,0.872942282720828,16.18857142857143,16.562857142857144,-0.5627325089294688,-0.465856957515453,-0.39272056747342643
1992-05-01,0.868044206697066,14.728,15.077,-0.6319428967499889,-0.6371793902867257,-0.5920932737898947
1992-06-01,0.866486312271078,14.753181818181819,15.203181818181818,-0.6539561274313779,-0.6342256077683774,-0.5751621638916261
1992-07-01,0.867632164528392,13.303636363636363,13.601818181818182,-0.63776510084686,-0.8042547133823127,-0.7900335622043068
1992-08-01,0.866717337344618,14.422380952380953,14.421904761904761,-0.650691716087332,-0.6730279614110743,-0.6799941269384912
1992-09-01,0.867980255804646,14.258571428571429,13.696666666666667,-0.6328465303490554,-0.692242527423502,-0.7773067672999886
1992-10-01,0.870598572082922,17.478636363636365,17.63681818181818,-0.5958494147107644,-0.31453463339987475,-0.24861618984504882
1992-11-01,0.86782790663195,14.594,14.4245,-0.6349992420005843,-0.6528973521352638,-0.6796458972011502
1992-12-01,0.863426367310098,12.781363636363636,12.191363636363636,-0.6971935080746061,-0.8655163760823475,-0.9792887279619701
1993-01-01,0.860325454943298,12.5745,12.409,-0.7410097629596898,-0.8897811129794632,-0.9500862228492504
1993-02-01,0.858436429439005,13.505263157894737,13.721578947368421,-0.7677019145556869,-0.7806042487569682,-0.7739640308546305
1993-03-01,0.856214867550197,13.657391304347826,13.60608695652174,-0.7990928442076102,-0.7627598875477258,-0.7894607768800952
1993-04-01,0.851634262218386,13.49952380952381,12.84095238095238,-0.8638173339724483,-0.7812774641206227,-0.892126737575505
1993-05-01,0.846551755879822,13.535,13.606,-0.9356337437394187,-0.777116170027815,-0.7894724447292921
1993-06-01,0.843147631283535,13.002272727272727,12.524090909090908,-0.9837344229357862,-0.8396041323293302,-0.9346432940803686
1993-07-01,0.840542365180877,11.99952380952381,11.50047619047619,-1.020547138064312,-0.9572247982460493,-1.0719921890644186
1993-08-01,0.842154874724352,11.952272727272728,11.928636363636365,-0.997762189376954,-0.9627672662171287,-1.0145415432400653
1993-09-01,0.844884727094338,12.621428571428572,12.93142857142857,-0.9591890557010122,-0.884276474954682,-0.8799866182920614
1993-10-01,0.848707467894811,11.377142857142857,11.875238095238096,-0.9051732805161161,-1.0302289778339646,-1.0217065370851024
1993-11-01,0.850010552131836,13.370952380952382,14.083809523809524,-0.8867605476451316,-0.7963586641885163,-0.7253598358397801
1993-12-01,0.854199925686244,10.864545454545455,11.356363636363636,-0.8275642087114383,-1.0903557421450518,-1.0913292498752243
1994-01-01,0.859938467274627,10.605238095238095,11.290476190476191,-0.7464779440374331,-1.1207720345378747,-1.1001700448749376
1994-02-01,0.863442835554717,12.885263157894737,13.64421052631579,-0.6969608098495738,-0.8533291468621444,-0.7843453461532427
1994-03-01,0.866739110824396,14.240869565217391,15.223478260869564,-0.6503840542682156,-0.694318924534299,-0.5724387818177129
1994-04-01,0.86416287954781,15.334736842105263,16.471052631578946,-0.686786503904129,-0.5660102370306582,-0.40503892119510376
1994-05-01,0.86263607499051,13.39,13.897142857142857,-0.7083604311000795,-0.7941244123266061,-0.7504068187824637
1994-06-01,0.859337130524651,12.94590909090909,13.408636363636363,-0.7549749027360453,-0.8462154867025281,-0.8159547499087886
1994-07-01,0.859048648932229,12.1635,12.4845,-0.7590511814205222,-0.93799068252983,-0.9399556127840399
1994-08-01,0.860343625290283,11.39304347826087,11.889130434782608,-0.7407530138288966,-1.028363863236196,-1.0198424592729307
1994-09-01,0.860485010221636,12.612380952380953,13.233333333333333,-0.7387552281915458,-0.8853377445890893,-0.8394769571041497
1994-10-01,0.86213970219465,15.04952380952381,15.245238095238095,-0.7153742368348955,-0.5994652188576817,-0.5695190414591547
1994-11-01,0.861962796467189,16.249523809523808,16.383809523809525,-0.7178739354810268,-0.4587073515573406,-0.41674522458171476
1994-12-01,0.863976867220597,13.806666666666667,14.177142857142858,-0.6894148798712142,-0.745250152847321,-0.7128363443684382
1995-01-01,0.865950261933423,11.711904761904762,12.274285714285714,-0.6615305814783222,-0.9909620013608931,-0.9681622215086514
1995-02-01,0.868756931302295,11.197368421052632,11.47,-0.6218720146122214,-1.0513161996832825,-1.0760814924019997
1995-03-01,0.867206565625319,11.971304347826086,12.166521739130435,-0.6437788631883944,-0.9605348909501621,-0.9826220203348125
1995-04-01,0.866804774981544,12.516842105263159,12.442631578947369,-0.6494562120379055,-0.8965442815596176,-0.9455735286480169
1995-05-01,0.865278381464986,12.458636363636364,12.26590909090909,-0.6710243311800338,-0.9033717116063029,-0.9692861990595348
1995-06-01,0.862663119494153,13.17909090909091,11.896818181818182,-0.7079782890964714,-0.8188636738521207,-1.0188109153325682
1995-07-01,0.861497285709512,14.0765,12.514,-0.7244516570021196,-0.713599182408536,-0.935997294943991
1995-08-01,0.86261596098087,13.348695652173912,12.798260869565217,-0.7086446444118073,-0.7989693389184659,-0.8978550959193174
1995-09-01,0.860080031647793,12.237,12.057,-0.7444776228662511,-0.9293692631576842,-0.9973176763983108
1995-10-01,0.859828024981499,14.237727272727273,14.357272727272727,-0.748038506573027,-0.6946875098587514,-0.6886664705223098
1995-11-01,0.862008280813982,12.971904761904762,12.469047619047618,-0.7172312363342532,-0.8431662406955347,-0.942029017366923
1995-12-01,0.866347637902348,12.288,11.7485,-0.6559156125014347,-0.9233870537974197,-1.0387122883866209
1996-01-01,0.874559898318522,14.150454545454545,13.473636363636363,-0.5398754110980357,-0.7049244456624126,-0.8072330326341042
1996-02-01,0.877858935690185,16.238,15.033,-0.4932596266921786,-0.4600590739337961,-0.5979972054835273
1996-03-01,0.874254365048051,19.081904761904763,17.76238095238095,-0.5441926319902358,-0.12647409969129644,-0.231768143920825
1996-04-01,0.86759655287027,17.512857142857143,16.575238095238095,-0.6382682977465394,-0.31052059681614763,-0.3910592879925343
1996-05-01,0.862481253272487,16.96681818181818,16.14636363636364,-0.7105480801066332,-0.37456999649842987,-0.448605776863862
1996-06-01,0.858086715712715,17.6755,16.395,-0.7726434104625023,-0.2914428787302622,-0.41524368351244695
1996-07-01,0.854621426139754,19.341818181818184,17.978636363636365,-0.821608357942192,-0.09598671746650381,-0.20275093536558908
1996-08-01,0.852420133463251,16.478181818181817,15.760454545454545,-0.8527128812505563,-0.431886173524137,-0.5003871612429329
1996-09-01,0.852380334121835,17.2785,16.578,-0.8532752506055922,-0.33801027316212495,-0.39068869487756613
1996-10-01,0.853066819784857,17.401304347826088,16.381739130434784,-0.8435751277940058,-0.32360554141611725,-0.41702303051497425
1996-11-01,0.85413964928385,17.1635,15.997,-0.8284159213361257,-0.3514995687784079,-0.46864742928666864
1996-12-01,0.852865790858339,20.118000000000002,19.260952380952382,-0.8464156900678361,-0.004941969662692064,-0.030689431368209497
1997-01-01,0.852379290353762,21.031363636363636,19.473333333333333,-0.853289999170697,0.10219396160749931,-0.002192098734442223
1997-02-01,0.853420030589582,21.647894736842105,20.139473684210525,-0.8385842177593666,0.17451196396390073,0.08719079058263429
1997-03-01,0.850802708496618,22.3035,20.17,-0.8755672854427724,0.25141329615805436,0.09128681974807351
1997-04-01,0.849024249722649,21.507727272727273,19.66227272727273,-0.9006971161910222,0.15807056953581666,0.023159839357706127
1997-05-01,0.848611453590418,21.927619047619046,19.924761904761905,-0.9065299738812495,0.20732312847808423,0.05838070695347625
1997-06-01,0.847799328315442,22.743333333333332,20.194285714285716,-0.9180053991231719,0.30300496446438774,0.09454548334520832
1997-07-01,0.848689917051981,23.24772727272727,20.529090909090908,-0.9054212759806506,0.3621694771213115,0.13946973336346272
1997-08-01,0.850117310526588,25.153809523809525,23.084761904761905,-0.8852520390250039,0.5857495375891213,0.4823903467689051
1997-09-01,0.84857035427953,25.59285714285714,23.812380952380952,-0.9071107119571626,0.6372490430061507,0.5800224639536511
1997-10-01,0.848527798288155,25.615652173913045,23.870869565217394,-0.907712033098945,0.6399228596365457,0.5878704815682345
1997-11-01,0.850636863468289,31.545263157894738,32.20611111111111,-0.8779106951148696,1.3354556896581637,1.7062954074065237
1997-12-01,0.852571187951627,26.473181818181818,26.276363636363637,-0.8505784636400867,0.7405095628649564,0.9106403153292688
1998-01-01,0.853982149889412,24.4275,23.8665,-0.8306414062240017,0.5005547212796584,0.5872841721460897
1998-02-01,0.852897048592533,20.386315789473684,19.998947368421053,-0.8459740146231387,0.026530995578410353,0.06833493218311425
1998-03-01,0.85479346200679,20.543181818181818,20.158636363636365,-0.8191774709941668,0.04493110195576953,0.08976204400075101
1998-04-01,0.859976243196343,22.538095238095238,22.02857142857143,-0.7459441658397159,0.27893090065230564,0.3406704279758639
1998-05-01,0.865262145987699,21.4485,20.874,-0.6712537403754065,0.1511233157065611,0.18574972684619395
1998-06-01,0.873830913464421,21.996363636363636,21.662727272727274,-0.5501760524565714,0.21538674656152382,0.29158136191635137
1998-07-01,0.882241362062189,20.25181818181818,19.93,-0.4313354288377921,0.010754665236254653,0.059083555964622954
1998-08-01,0.894309706366649,31.48857142857143,31.58809523809524,-0.2608083105139495,1.3288058505638995,1.6233698733186508
1998-09-01,0.90014194664468,39.247142857142855,38.2047619047619,-0.1783980723823346,2.238872490216463,2.511195965126273
1998-10-01,0.897526501932849,37.45409090909091,36.60818181818182,-0.21535461245047285,2.0285506834110345,2.2969664247948467
1998-11-01,0.893757953585809,25.038,26.223,-0.2686046419219815,0.5721652862687073,0.9034799684198422
1998-12-01,0.890481080148697,25.47681818181818,25.47909090909091,-0.3149072473370548,0.6236378791064912,0.8036620488971253
1999-01-01,0.889681003358589,28.616842105263157,28.035263157894736,-0.32621242607681605,0.991957104719962,1.1466499205811458
1999-02-01,0.889937730412415,29.93842105263158,28.82263157894737,-0.3225848427414176,1.1469759664704697,1.2522992245724653
1999-03-01,0.890949102289689,26.475652173913044,25.309565217391302,-0.30829403967561636,0.7407993312017902,0.7809150465309822
1999-04-01,0.892313930834617,24.693809523809524,23.478571428571428,-0.2890088525031996,0.5317923551239903,0.5352318133342093
1999-05-01,0.892646957937233,27.3765,26.2045,-0.28430314054303707,0.8464671801702475,0.9009976335032014
1999-06-01,0.890593784373681,24.123636363636365,23.626363636363635,-0.3133147234394444,0.46491205677576547,0.5550626110536716
1999-07-01,0.89009786005497,21.486666666666668,21.04904761904762,-0.3203221921396236,0.15560019787486387,0.20923766289142506
1999-08-01,0.890148611821753,24.90909090909091,24.323636363636364,-0.3196050637315338,0.5570444790087162,0.6486228509093778
1999-09-01,0.892466049432571,25.58,24.541428571428572,-0.28685939889977685,0.6357409229993612,0.6778462672323464
1999-10-01,0.898129534606868,25.37,24.021428571428572,-0.2068336901465268,0.61110829622180185,0.6080725290348709
1999-11-01,0.898487133213238,22.22952380952381,21.81809523809524,-0.20178077996079605,0.2427360204893606,0.31242867680069536
1999-12-01,0.901745936596667,23.222272727272728,22.15909090909091,-0.1557335065204152,0.35918370417857715,0.35818356655939626
2000-01-01,0.905657451997413,24.9385,23.202,-0.10046333583742979,0.5604941131050541,0.49812138554566215
2000-02-01,0.911760888803345,25.456,23.5955,-0.014221059007241079,0.6211959433783262,0.5509213201239441
2000-03-01,0.917795304827668,24.810434782608695,22.718260869565217,0.0710459460959132,0.5454722907089251,0.4332131404632945
2000-04-01,0.92796331828405,29.833157894736843,27.164210526315788,0.21472116699212812,1.1346287851283345,1.0297718469811232
2000-05-01,0.934736956620312,29.42909090909091,26.37318181818182,0.31043346993195936,1.087232445840002,0.9236314046964562
2000-06-01,0.936083521900781,24.31772727272727,21.54,0.32946059503879477,0.48767857546411586,0.2751137838452686
2000-07-01,0.932460333212879,22.66,19.893,0.2782645145737107,0.2932301125685308,0.054118886131341165
2000-08-01,0.930802600489021,20.484347826086957,18.088695652173914,0.2548405570515362,0.03802997924573801,-0.18798315077978256
2000-09-01,0.934066038811109,22.3365,19.6875,0.30095332271795777,0.2552841375088139,0.02654484151676176
2000-10-01,0.934449388858536,28.21409090909091,25.2,0.3063701037815281,0.9447151051984063,0.7662135565428855
2000-11-01,0.936045297784114,29.211904761904762,26.382857142857144,0.32892048379393357,1.0617568967690851,0.9249296423327479
2000-12-01,0.944775818911155,30.1045,26.5305,0.45228376973445167,1.1664567318330237,0.9447404001423881
2001-01-01,0.947525629113692,27.830000000000002,24.91857142857143,0.4911389099215636,0.8996619241875017,0.7284513960349112
2001-02-01,0.943089420949571,26.159473684210525,23.411578947368422,0.428454769046276,0.7037121562878156,0.526242744402175
2001-03-01,0.939720365710172,32.42318181818182,28.49681818181818,0.3808496239696446,1.4384339882291488,1.2085814963560766
2001-04-01,0.936642673324912,32.245,28.134,0.3373614701429706,1.417533577630007,1.1598984562955654
2001-05-01,0.932874398256405,26.095,22.94409090909091,0.28411530212913516,0.6961495077157578,0.4635150751844316
2001-06-01,0.931630396651139,23.30047619047619,20.94047619047619,0.26653741376396495,0.3683568314252605,0.19466951975129257
2001-07-01,0.933789337738817,24.85904761904762,22.316190476190478,0.297043504162514,0.5511744900260611,0.3792632282242847
2001-08-01,0.939125687707312,24.260434782608694,21.86173913043478,0.3724467541475741,0.4809582681962685,0.3182848258738069
2001-09-01,0.949505568752826,38.55133333333333,35.065333333333335,0.5191156888896524,2.1572552697008844,2.089946605063712
2001-10-01,0.946691581920192,34.44695652173913,32.721304347826084,0.4793537254036608,1.6758191642034057,1.7754241728289477
2001-11-01,0.934306050913495,28.254285714285714,26.63095238095238,0.30434472183205213,0.9494298844115509,0.9582191273152427
2001-12-01,0.921983757361203,24.5395,23.72,0.13022927089681016,0.5136921222276906,0.5676267632116087
2002-01-01,0.912068673374763,23.615238095238094,22.252857142857142,-0.009872026969014097,0.4052778434433263,0.37076514472587385
2002-02-01,0.901973276378459,24.66842105263158,22.87578947368421,-0.15252116878034624,0.5288143325764706,0.45435037042947235
2002-03-01,0.897799657832185,21.014,18.985,-0.2114948876040658,0.1001572379215625,-0.06771679518271259
2002-04-01,0.887850809011518,21.814545454545453,19.900454545454547,-0.352073286531656,0.1940597969705628,0.055119139021584836
2002-05-01,0.881014870024698,22.63,20.08772727272727,-0.44866590495978764,0.28971116588602214,0.08024744333745848
2002-06-01,0.878912173385438,28.599,25.271,-0.4783772547155053,0.9898642574824703,0.7757403554121564
2002-07-01,0.879754129321176,38.49727272727273,34.04954545454545,-0.46648031874360124,2.1509140566891727,1.9536479175277217
2002-08-01,0.87969243330613,37.25272727272727,33.74272727272727,-0.46735209066130945,2.0049310867390453,1.9124789723500157
2002-09-01,0.880369509648534,41.656,37.6475,-0.4577849226519637,2.5214271519329343,2.4364224146449587
2002-10-01,0.88343538344132,41.39739130434783,35.24304347826087,-0.41446376692100123,2.4910928115451654,2.1137917995391144
2002-11-01,0.890087328581792,32.005,28.175,-0.3204710030889516,1.3893820041699394,1.165399847191905
2002-12-01,0.896520406122271,31.830952380952382,28.21047619047619,-0.22957086407598776,1.368966527781735,1.1701600518583075
2003-01-01,0.90368145557522,30.66857142857143,27.424285714285716,-0.12838439668835971,1.2326213079086663,1.0646688048216484
2003-02-01,0.908298786273886,36.54052631578948,32.21842105263158,-0.06314097318901873,1.9213911802491905,1.7079471586312835
2003-03-01,0.912828560660351,35.194761904761904,30.634285714285713,8.652693653598313e-4,1.7635354065950728,1.4953874579252955
2003-04-01,0.920885336536112,27.14238095238095,23.991904761904763,0.11470845600421296,0.8190054319725437,0.6041110164265894
2003-05-01,0.916491183515127,22.548571428571428,20.23952380952381,0.052618559226437274,0.28015973917635617,0.10061554298692997
2003-06-01,0.9108664282201,22.34904761904762,20.362380952380953,-0.026859891797143525,0.2567559509228473,0.11710054706655332
2003-07-01,0.907295613848693,21.206818181818182,19.161363636363635,-0.07731591703669295,0.12277446796277654,-0.044052275584268136
2003-08-01,0.899289726096521,20.829047619047618,19.274285714285714,-0.1904400485298165,0.07846265234241456,-0.02890036115801801
2003-09-01,0.894525201567718,20.682380952380953,19.532380952380954,-0.25776333808659396,0.061258913005706406,0.005730926482121297
2003-10-01,0.88944392645492,19.184347826086956,18.023478260869567,-0.3295623504893039,-0.11445771032963188,-0.19673403767745926
2003-11-01,0.881845436934664,17.838947368421053,17.40105263157895,-0.4369298972557903,-0.27227079290126166,-0.28025127403423344
2003-12-01,0.876331067766411,16.375454545454545,16.826363636363638,-0.5148485793809354,-0.44393590004302974,-0.3573631961440862
2004-01-01,0.874509725139119,15.834,16.101,-0.5405843639986903,-0.507447555924911,-0.45469268164717364
2004-02-01,0.874539615206125,15.924736842105263,15.99842105263158,-0.5401620138515235,-0.49680428560799045,-0.4684567520668981
2004-03-01,0.877790494777919,17.73304347826087,17.687391304347827,-0.4942267047974876,-0.2846931309993923,-0.24183027482348668
2004-04-01,0.883592550007201,15.788095238095238,15.698571428571428,-0.4122429849396117,-0.5128321029121146,-0.5086906543126375
2004-05-01,0.889227977756367,18.076,17.705,-0.3326137308892168,-0.24446494051877313,-0.2394675353611143
2004-06-01,0.891929281296621,15.045238095238096,15.342727272727274,-0.2944439955206899,-0.5999679255266115,-0.5564379177145062
2004-07-01,0.888231909083792,15.668571428571429,15.502380952380953,-0.34668829788048916,-0.5268520333456008,-0.5350155445483149
2004-08-01,0.883993169434718,16.592727272727274,16.68409090909091,-0.4065821855129863,-0.4184501952818314,-0.37645338850056365
2004-09-01,0.885459512687233,13.880476190476191,14.08095238095238,-0.3858625836341609,-0.736592426882419,-0.7257432080276784
2004-10-01,0.890642551185447,15.184761904761904,14.973809523809523,-0.31262564267819803,-0.5836020306381196,-0.6059393993094855
2004-11-01,0.89429417865736,14.05,13.577619047619049,-0.2610277188646237,-0.7167075853114184,-0.7932806084624143
2004-12-01,0.897296107876579,13.014090909090909,12.459545454545454,-0.21861010744659645,-0.8382178806059177,-0.9433040203251603
2005-01-01,0.898491402126885,13.512,13.438,-0.20172045971103894,-0.7798140291510715,-0.8120147293777072
2005-02-01,0.897665950821816,11.562631578947368,11.708947368421052,-0.21338418331876377,-1.0084714804260735,-1.0440194710035646
2005-03-01,0.89840772843466,12.880454545454546,13.126363636363637,-0.20290277878105278,-0.8538931885552739,-0.85383017947227835
2005-04-01,0.899365186784883,14.057142857142857,14.459047619047618,-0.18937378016619835,-0.7158697408632022,-0.6750102884958143
2005-05-01,0.903424610230593,13.17904761904762,13.967619047619047,-0.13201365148662975,-0.8188687516972615,-0.7409503048143077
2005-06-01,0.909511105516063,11.241818181818182,11.868636363636364,-0.04601076032456048,-1.0461023217438081,-1.0225923591859278
2005-07-01,0.916283095288727,10.489,11.049,0.0496782482185712,-1.1344065565251813,-1.132571384288802
2005-08-01,0.925123853650752,11.985217391304348,12.951304347826087,0.17459919919909567,-0.9589029156771146,-0.8773196813327694
2005-09-01,0.938370128344364,11.959047619047618,12.628095238095238,0.3617706118669376,-0.9619725834526086,-0.9206879655739222
2005-10-01,0.943635462875526,14.582380952380953,14.937619047619048,0.4361704054059953,-0.6542602457710288,-0.6107954470228627
2005-11-01,0.937983614743315,11.606190476190475,12.147619047619047,0.3563091294202126,-1.0033620991944947,-0.9851583885054724
2005-12-01,0.928828877856953,10.923809523809524,11.26,0.226951625121353,-1.0834041721474268,-1.1042593482125187
2006-01-01,0.923885165883982,11.711500000000001,12.036,0.1570963959941664,-0.9910094792129586,-1.0001354619793628
2006-02-01,0.920593660150797,11.867368421052632,12.471052631578948,0.11058703452202145,-0.972726390440592,-0.9417599842526083
2006-03-01,0.914233527826285,11.19086956521739,11.693913043478261,0.02071761995315286,-1.0520785039226668,-1.0460367807199762
2006-04-01,0.911909201978642,11.163684210526316,11.847368421052632,-0.01212537647160926,-1.0552672977127657,-1.0254460973740744
2006-05-01,0.910063112866391,13.488181818181818,14.454545454545455,-0.03821083181985023,-0.78260785954748735,-0.6756143901252295
2006-06-01,0.908015070140988,15.891363636363636,16.918636363636363,-0.06714991537234731,-0.500718903328963,-0.34498201707582815
2006-07-01,0.906627505369536,14.522,15.326,-0.08675636808814849,-0.6613428241732842,-0.558682387614565
2006-08-01,0.907267524407133,12.560434782608695,13.351739130434783,-0.07771282413543859,-0.8914309379820596,-0.8235892357810343
2006-09-01,0.911948472228772,11.397,12.1845,-0.011570483238405559,-1.0278997702679231,-0.9802096925133529
2006-10-01,0.90743438891449,10.808636363636364,11.306363636363637,-0.07535500910528514,-1.0969137791442725,-1.098038263163443
2006-11-01,0.905211872414067,10.484285714285715,10.817619047619047,-0.10675942753112244,-1.1349595338610041,-1.1636181419720928
2006-12-01,0.904469131253885,10.499,10.964500000000001,-0.11725444710555905,-1.1332335742976785,-1.1439096167458918
2007-01-01,0.904288736805796,10.627,11.0425,-0.11980344178272087,-1.1182194017856422,-1.1334435560162703
2007-02-01,0.901525839942647,10.920526315789473,11.155263157894737,-0.15884349801683623,-1.0837892866130983,-1.1183129655215245
2007-03-01,0.896529303323615,14.921363636363637,15.162727272727272,-0.22944514557906193,-0.6144981793967387,-0.5805903655520942
2007-04-01,0.893545810000688,12.246,12.933,-0.2716022556234902,-0.9283135791529316,-0.8797757635887173
2007-05-01,0.892247179536277,12.965,13.297727272727272,-0.2899520561658667,-0.8439761569954771,-0.8308365612026558
2007-06-01,0.897901658545974,14.881904761904762,14.947619047619048,-0.21005360557310834,-0.6191266352424913,-0.609453644365219
2007-07-01,0.907500556981414,17.247619047619047,17.273333333333333,-0.074420046570828,-0.34163255399324705,-0.2973886834160698
2007-08-01,0.920852874574006,25.12,25.026086956521738,0.1142497646780933,0.5817837405342308,0.7428778581490808
2007-09-01,0.928542957321185,22.182105263157894,22.198947368421052,0.22291153446731743,0.23717390927523685,0.3635315168647418
2007-10-01,0.936379691784327,18.859565217391303,19.115652173913045,0.333645510177215,-0.15255413310983304,-0.05018585176436668
2007-11-01,0.950348981789141,26.65714285714286,25.58238095238095,0.5310332138633476,0.7620878657903823,0.8175215343565969
2007-12-01,0.959464576086624,23.0965,21.651,0.6598376287974305,0.34443078679902983,0.2900077933451144
2008-01-01,0.965113230108307,27.98952380952381,25.816190476190478,0.7396537716273951,0.9183737835309993,0.8488941583996015
2008-02-01,0.972991777639633,27.1565,25.456,0.8509785708873843,0.8206615711651851,0.8005637045785658
2008-03-01,0.977245065498203,29.009,27.1035,0.911078026423774,1.037956528810087,1.0216256924253757
2008-04-01,0.984867726843044,22.526818181818182,21.562727272727273,1.0187871239023651,0.27760812199315205,0.27816333533991355
2008-05-01,0.996838678564354,18.61,18.303333333333335,1.1879380736208303,-0.18182768957012135,-0.15918300967876214
2008-06-01,1.01211749149354,23.19142857142857,22.11047619047619,1.4038294895841843,0.3555657395158247,0.351660430695613
2008-07-01,1.03269806611103,25.66227272727273,24.32181818181818,1.694635419082931,0.6453913676892714,0.6483788867898059
2008-08-01,1.0624048726073,22.25952380952381,20.695714285714285,2.1143960737852323,0.24625496717186926,0.16182730232134523
2008-09-01,1.08996860606339,33.21142857142857,30.23857142857143,2.503874855458408,1.5308939314736751,1.4422904099013927
2008-10-01,1.11696247352436,65.44652173913043,61.17739130434783,2.8853013638845706,5.312013070234941,5.593669483269235
2008-11-01,1.11552556222354,65.42684210526316,62.66894736842105,2.86499763892992,5.309704684157934,5.793806872349046
2008-12-01,1.10559177581858,55.07545454545455,52.405,2.7246320737002003,4.09550532039298,4.416587686662741
2009-01-01,1.09589223961026,44.2915,44.683,2.587576491181617,2.8305666179913094,3.380447674430227
2009-02-01,1.07598637158955,45.38947368421053,45.57052631578947,2.306304244909033,2.9593569797757864,3.499536191355736
2009-03-01,1.0591874265848,46.09045454545455,44.79545454545455,2.0689331846980625,3.0415807889816735,3.39553685522573
2009-04-01,1.03962283739803,38.89857142857143,38.063809523809525,1.7924832483155946,2.1979856811435075,2.492282937189961
2009-05-01,1.02365410050664,32.11,31.978,1.5668431259705573,1.401698317558719,1.6756873978938276
2009-06-01,1.01252401155367,27.935454545454547,29.140454545454546,1.4095736656406448,0.912031554950259,1.2949447946844208
2009-07-01,1.0009889775456,25.924545454545456,26.162727272727274,1.246582284259791,0.6761554924742323,0.8953925578560443
2009-08-01,0.984293829209123,24.306190476190476,25.337142857142858,1.0106778831269545,0.4863253297341182,0.7846154215620001
2009-09-01,0.969354148431418,23.857619047619046,24.926666666666666,0.799578444179175,0.43370869838613324,0.7295376172339559
2009-10-01,0.956811705633412,23.250454545454545,24.252272727272725,0.6223522586207169,0.362489381365176,0.6390472592161924
2009-11-01,0.948064461672647,22.546,23.789,0.49875267708129795,0.2798581151749983,0.576885201549351
2009-12-01,0.943852258745158,19.845454545454544,21.239545454545453,0.4392337564324645,-0.03691106709954275,0.23479871308606276
2010-01-01,0.942850756910475,19.527368421052632,20.64315789473684,0.4250824182243385,-0.07422200417341292,0.1547752718123754
2010-02-01,0.941951341429439,21.771052631578947,22.54,0.4123735721483908,0.18895816613419888,0.40929404960964477
2010-03-01,0.935786134059094,16.925217391304347,17.767391304347825,0.3252584700092092,-0.3794496952907093,-0.2310958535623368
2010-04-01,0.92567308129349,16.136666666666667,17.424285714285713,0.1823598501100328,-0.47194529383915823,-0.27713385282211417
2010-05-01,0.920452796209259,30.0335,31.9295,0.10859661053176978,1.1581285580177534,1.6691796550042552
2010-06-01,0.911200039341623,28.94090909090909,29.916363636363638,-0.022145927581433095,1.029969586188272,1.3990564827115983
2010-07-01,0.901545508449327,25.016666666666666,25.565238095238094,-0.15856557971410476,0.5696629241833677,0.8152213012292076
2010-08-01,0.89297367692557,24.15590909090909,24.74590909090909,-0.27968656297637073,0.46869759032816094,0.7052835176798802
2010-09-01,0.888205971567686,21.322380952380954,22.517619047619046,-0.3470547980205625,0.13632977556588852,0.40629096747110865
2010-10-01,0.88787780188081,19.86095238095238,20.373333333333335,-0.3516918741274746,-0.035093198539170305,0.11857014045349665
2010-11-01,0.885577492112595,19.395238095238096,20.095714285714287,-0.3841955205374408,-0.08972065656287406,0.0813191428627198
2010-12-01,0.887081968953496,16.58681818181818,17.569545454545455,-0.3629370865889662,-0.4191433211435378,-0.25764286226919764
2011-01-01,0.885001890897085,15.723,17.3155,-0.3923288331202061,-0.5204676586501925,-0.2917307488763386
2011-02-01,0.886596761576235,15.72,17.43,-0.3697931236514162,-0.5208195533184433,-0.27636710844631757
2011-03-01,0.887327923643208,19.893478260869564,20.723478260869566,-0.3594617180200298,-0.031277970631495434,0.16555267988635639
2011-04-01,0.887147293359016,15.208,16.244,-0.36201404508894663,-0.580876243366589,-0.4355049036428677
2011-05-01,0.887807404176659,16.293809523809525,16.911428571428573,-0.3526866019312746,-0.4535127159783991,-0.34594916054984387
2011-06-01,0.887342436772757,18.918636363636363,19.153181818181817,-0.3592566457998958,-0.14562519263946538,-0.04515011412234026
2011-07-01,0.888487067683799,18.7405,19.2275,-0.34308287698123097,-0.16652027150120907,-0.0351780807348514
2011-08-01,0.891783355424238,35.068695652173915,35.02913043478261,-0.2965059451865739,1.7487480592177131,2.0850888905147347
2011-09-01,0.888329622466433,36.64380952380952,36.53,-0.3453075963407359,1.9335061169898897,2.286475967653268
2011-10-01,0.882749865583154,32.00857142857143,32.82904761904762,-0.424150214536634,1.3898009263940474,1.7898811935957768
2011-11-01,0.875749063584822,31.412380952380953,31.941904761904762,-0.5230723666242384,1.3198688431162588,1.67084412925338
2011-12-01,0.870445650219578,25.03952380952381,25.047619047619047,-0.5980102185482165,0.5723440264176602,0.7457670398549806
2012-01-01,0.865638763709308,18.9415,20.228,-0.6659320878640557,-0.14294332872840182,0.09906927516240731
2012-02-01,0.860261492723785,16.691,18.4205,-0.7419135566119074,-0.4069229790279173,-0.1434615552067028
2012-03-01,0.857740214966105,14.962727272727273,16.167272727272728,-0.7775395065901732,-0.6096462983647952,-0.44580018948878886
2012-04-01,0.855727363245209,17.177,17.823,-0.805981337127832,-0.34991604277127897,-0.22363426400091763
2012-05-01,0.857044171748305,20.547272727272727,21.00181818181818,-0.7873746787700399,0.04541095832156612,0.2029004044520769
2012-06-01,0.856172829436302,20.750476190476192,21.13095238095238,-0.7996868476799539,0.06924636341203541,0.22022766561117366
2012-07-01,0.857685900843116,16.954761904761906,17.565238095238094,-0.7783069715086353,-0.37598417637011583,-0.25822082488580206
2012-08-01,0.859848609161497,14.969130434782608,15.689565217391305,-0.74774764969908,-0.6088952188357223,-0.5098991101223166
2012-09-01,0.856583304404624,14.31421052631579,15.284736842105263,-0.7938867883075876,-0.685716160142659,-0.5642190891071583
2012-10-01,0.854054942711376,15.469047619047618,16.276190476190475,-0.829612835125015,-0.5502558215991101,-0.4311855769925479
2012-11-01,0.854537337435532,17.155714285714286,16.70190476190476,-0.8227965411803246,-0.35241281922696355,-0.37406312099571354
2012-12-01,0.855499225311458,17.351,17.307,-0.809204952848553,-0.32950615201272954,-0.29287128113533595
2013-01-01,0.858345676821704,13.121904761904762,13.505238095238095,-0.7689842596660232,-0.825571507282992,-0.8029927038891693
2013-02-01,0.861582805750594,13.512105263157894,14.072631578947368,-0.723243248806535,-0.7798016819697295,-0.7268596954520838
2013-03-01,0.862752718656571,12.3915,13.0315,-0.7067122424387101,-0.9112466877427652,-0.8665590074109263
2013-04-01,0.855919585057876,13.251363636363637,13.967272727272727,-0.8032652204041012,-0.8103862113897138,-0.74099677417041665
2013-05-01,0.852590672248454,12.914090909090909,13.493636363636364,-0.8503031482441512,-0.8499477028809461,-0.8045494273188165
2013-06-01,0.849327918853613,17.156,17.2715,-0.8964062358083617,-0.35237930544903506,-0.29763468056997117
2013-07-01,0.847825546462516,13.626818181818182,13.974545454545455,-0.9176349336346579,-0.7663460604843797,-0.7400209176921302
2013-08-01,0.846611914969527,13.863636363636363,14.21,-0.9347836887567652,-0.7385677086421534,-0.7084275642076088
2013-09-01,0.84150433002193,14.291500000000001,14.692,-1.006954462206282,-0.6883800645172247,-0.6437526761091795
2013-10-01,0.840251985002114,14.32304347826087,15.407826086956522,-1.0246502439961278,-0.6846800705778626,-0.54770294152028
2013-11-01,0.841117746084691,11.9565,12.924,-1.01241693851161,-0.962271414639139,-0.8809833859805968
2013-12-01,0.841389238099818,12.995238095238095,14.192380952380953,-1.00858072454393,-0.8404292821646947,-0.7107916926996478
2014-01-01,0.841956813670052,13.057142857142857,14.24095238095238,-1.0005608152687822,-0.8331679636134867,-0.7042743655053783
2014-02-01,0.84038639473025,14.179473684210526,15.47,-1.0227510187970867,-0.7015205522605922,-0.5393604293444948
2014-03-01,0.836559949825761,13.592380952380953,14.836666666666666,-1.0768191334055106,-0.7703854862938104,-0.6243412643285999
2014-04-01,0.833896097850643,13.485238095238095,14.198095238095238,-1.1144596737727812,-0.7829531530170553,-0.7100249483238514
2014-05-01,0.834618388266464,11.76142857142857,12.475238095238096,-1.104253625611116,-0.9851529465199267,-0.9411983776264767
2014-06-01,0.838267340568708,10.298571428571428,11.541428571428572,-1.052693502258249,-1.1567434895146285,-1.0664971877045442
2014-07-01,0.84562101921616,10.638636363636364,12.296363636363637,-0.9487851617938391,-1.1168544770118207,-0.9651998000567106
2014-08-01,0.855022818163582,12.414761904761905,13.491904761904763,-0.8159366416392128,-0.9085181076564074,-0.8047817740993608
2014-09-01,0.86248848295568,11.911904761904761,13.466666666666667,-0.710445923836461,-0.9675023568108363,-0.8081682284257952
2014-10-01,0.871396471948423,16.911304347826086,18.058695652173913,-0.5845749961706359,-0.38108167056375686,-0.192008558752714
2014-11-01,0.883630925033778,12.243684210526316,13.413157894736843,-0.41170074132004925,-0.9285852171424586,-0.8153480496640644
2014-12-01,0.897694718543604,14.906818181818181,16.292272727272728,-0.21297769204096298,-0.6162043353640158,-0.4290276562682418
2015-01-01,0.910805027311533,17.9875,19.1195,-0.027727493825743653,-0.2548458332321733,-0.049669549437404106
2015-02-01,0.920351919298619,15.321052631578947,15.90421052631579,0.10717120797091559,-0.5676153706051359,-0.4810979455257525
2015-03-01,0.917792951897366,15.016818181818183,14.812727272727273,0.071012698915198,-0.6033015308614843,-0.6275534585696259
2015-04-01,0.913897895085033,13.758571428571429,13.494761904761905,0.015975090013924113,-0.7508916387986442,-0.8043984019114627
2015-05-01,0.91154709165434,13.6325,13.3385,-0.01724203776007713,-0.7656795933096622,-0.8253656658212628
2015-06-01,0.905283898350536,14.83090909090909,14.339545454545455,-0.10574169261398861,-0.6251083368182418,-0.6910451206881328
2015-07-01,0.902902472743083,14.55090909090909,14.352727272727272,-0.13939151533171565,-0.6579518391883215,-0.689276380821239
2015-08-01,0.901497534981981,19.58809523809524,19.42809523809524,-0.15924345042578877,-0.06709885646103346,-0.008262158376163863
2015-09-01,0.900071437311032,24.604285714285716,24.377142857142857,-0.17939437752399964,0.5212913713730126,0.6558023664281989
2015-10-01,0.897422994345853,16.977272727272727,16.789545454545454,-0.2168171867763107,-0.37334369689694946,-0.36230346956541126
2015-11-01,0.898514406368931,16.008,16.21,-0.20139540707694503,-0.4870376651663616,-0.4400670326788564
2015-12-01,0.900209501300788,18.304545454545455,18.025454545454547,-0.17744351718032467,-0.21765696488293543,-0.19646885928662056
2016-01-01,0.899237961498015,24.33105263157895,23.717894736842105,-0.1911714883687638,0.4892416163749274,0.5673442784415785
2016-02-01,0.898111540250337,24.108999999999998,22.517,-0.20708795251159529,0.4631952373336928,0.40620790349706415
2016-03-01,0.897596492693607,16.398636363636363,15.84909090909091,-0.21436563480447213,-0.4412167139701822,-0.4884939104138176
2016-04-01,0.888917548384616,14.347142857142858,14.300476190476191,-0.33700013426587627,-0.6818532562656195,-0.6962874449241653
2016-05-01,0.883261688305499,14.791904761904762,14.852857142857143,-0.4169180995312729,-0.6296834752900169,-0.6221688219305098
2016-06-01,0.880658139543642,16.635,17.774545454545454,-0.4537065484331659,-0.41349167950193294,-0.23013590778750076
2016-07-01,0.88154592221939,12.307500000000001,13.1585,-0.44116207525823486,-0.921099738453789,-0.8495181136588504
2016-08-01,0.878822366183853,11.22391304347826,12.399565217391304,-0.4796462409910595,-1.0482025626491789,-0.9513521844871143
2016-09-01,0.876885930496215,13.593333333333334,14.21952380952381,-0.5070083040298414,-0.770273773700715,-0.7071496569146147
2016-10-01,0.879814694785473,14.816190476190476,14.585238095238095,-0.4656245216403734,-0.6268348041660815,-0.658078016863643
2016-11-01,0.885040345356372,15.33952380952381,15.236190476190476,-0.3917854671071496,-0.5654487342600992,-0.570733053387499
2016-12-01,0.886208611128899,11.956190476190477,12.472380952380952,-0.37527773492786554,-0.962307721231895,-0.941581749814375
2017-01-01,0.880405303173137,10.7905,11.6085,-0.4572791559576083,-1.0990411423659707,-1.0574975255936336
2017-02-01,0.876301518224619,10.510526315789473,11.530526315789475,-0.5152661178669496,-1.1318815579407149,-1.0679600552636295
2017-03-01,0.875481614152054,10.640869565217391,11.897826086956522,-0.526851458429765,-1.116592526435323,-1.0186756743532404
2017-04-01,0.874266888980479,11.573157894736841,13.136315789473684,-0.5440156673583731,-1.00723676229186,-0.8524947969230443
2017-05-01,0.874639560543405,9.971363636363636,10.862272727272728,-0.5387497745313411,-1.195124382010647,-1.1576264993688046
2017-06-01,0.872027600007508,9.423181818181819,10.513636363636364,-0.5756570827855065,-1.2594251350273937,-1.2044066192966576
2017-07-01,0.869547476580644,8.8765,10.2645,-0.6107015172498325,-1.323549940710015,-1.2378358027809553
2017-08-01,0.86900770045019,10.177391304347825,11.975652173913044,-0.6183286171853467,-1.170957702718716,-1.0082329493220128
2017-09-01,0.869525134052485,8.6015,10.438,-0.6110172197892122,-1.3558069519663434,-1.2145555266708359
2017-10-01,0.868580334865624,8.02,10.125454545454545,-0.6243673429432698,-1.4240158684956339,-1.2564929588251927
2017-11-01,0.866900536057036,9.127142857142857,10.540476190476191,-0.648103096826798,-1.2941499790221045,-1.2008052441982198
2017-12-01,0.86640577106401,8.8275,10.2645,-0.6550941841192831,-1.329297553624779,-1.2378358027809553
2018-01-01,0.869025625478551,10.367619047619048,11.062380952380952,-0.6180753344354389,-1.148644326515204,-1.1307759245421454
2018-02-01,0.871358388442462,20.133157894736843,22.464736842105264,-0.5851131205697536,-0.00316397554942468,0.399195219081063
2018-03-01,0.86906593198453,18.04904761904762,19.023809523809526,-0.6175057987857346,-0.24762640690337598,-0.06250932296376151
2018-04-01,0.867803340000533,18.777142857142856,18.267619047619046,-0.6353463713794588,-0.16222212948185963,-0.16397516202749018
2018-05-01,0.868294063336589,13.694545454545455,14.124545454545455,-0.6284123931732724,-0.7584017717617467,-0.7198938778274737
2018-06-01,0.865292906898225,12.694761904761904,13.678095238095239,-0.6708190851073199,-0.8756746052863279,-0.779798686521327
2018-07-01,0.863069291454038,11.917619047619048,13.147619047619047,-0.7022390317372377,-0.966832081252263,-0.8509781227410962
2018-08-01,0.863479107148747,10.972608695652173,12.54695652173913,-0.69644828797823,-1.0776801160185983,-0.931575180098365
2018-09-01,0.866301896491626,11.564736842105264,12.910526315789474,-0.6565619439916299,-1.0082245367992306,-0.8827912885087904
2018-10-01,0.872532765671529,19.855217391304347,19.35217391304348,-0.5685190327938585,-0.035765902632375876,-0.018449301948792473
2018-11-01,0.881964272019887,20.95047619047619,19.38904761904762,-0.4352507435850284,0.09270600796209223,-0.013501578277439438
2018-12-01,0.887027337086179,27.11578947368421,24.953157894736844,-0.36370904127199416,0.8158862987811141,0.7330922172568372
2019-01-01,0.889621489980782,20.525238095238095,19.572380952380954,-0.32705335707473177,0.04282633514494727,0.01109813711269623
2019-02-01,0.889838483585448,15.287368421052632,15.234736842105264,-0.32398721202907554,-0.5715664686346191,-0.5709281023953771
2019-03-01,0.889061924197692,14.717619047619047,14.485238095238095,-0.3349600871195235,-0.6383970575514667,-0.6714960434400805
2019-04-01,0.892535682443358,12.57,12.949047619047619,-0.2858754763027615,-0.8903089549818395,-0.8776224898000223
2019-05-01,0.896609214136277,17.937272727272727,16.721818181818183,-0.22831599643793798,-0.26073740305667625,-0.3713911330194529
2019-06-01,0.902192083662939,16.889,15.836,-0.1494293962265215,-0.38369793092336096,-0.4902504520747331
2019-07-01,0.907789542599634,13.022272727272727,13.305909090909092,-0.07033664594280004,-0.8372581678743245,-0.8297387226645835
2019-08-01,0.91722691902892,20.66590909090909,18.97909090909091,0.06301458819697721,0.0593267929296679,-0.06850967857132002
2019-09-01,0.927190640838835,16.092,15.559,0.20380314420439133,-0.4771846144553377,-0.5274183856914655
2019-10-01,0.941678060595142,16.411739130434782,15.466521739130433,0.4085120819563533,-0.4396797827116163,-0.5398271433123711
2019-11-01,0.960844764238923,12.7645,12.5235,0.6793398490207349,-0.8674944506569091,-0.9347225824192293
2019-12-01,0.985303241301554,13.598571428571429,13.756666666666666,1.0249409942034162,-0.7696593544386897,-0.7692559513541262
2020-01-01,1.0215495181275,14.055714285714286,13.940952380952382,1.537105130489501,-0.7160373097528454,-0.744528445234691
2020-02-01,1.07266167522846,20.178421052631577,19.628947368421052,2.2593258959776956,0.0021453124276931265,0.01868823385029492
2020-03-01,1.14606643155749,63.317727272727275,57.73681818181818,3.2965436992042187,5.06230926272521,5.132012467306437
2020-04-01,1.15425566017211,43.6047619047619,41.453809523809525,3.412258458554447,2.750013459924965,2.9471540381311967
2020-05-01,1.15481020050921,31.078,30.897,3.4200941784588803,1.2806465516804253,1.5306385306025365
2020-06-01,1.13165008005171,29.99681818181818,31.119545454545452,3.0928389641548777,1.1538258459377768,1.5604997388380994
2020-07-01,1.10099135872901,24.80090909090909,26.840454545454545,2.65962764147811,0.5443549440020944,0.9863301834263554
2020-08-01,1.07016947775438,20.337619047619047,22.88952380952381,2.2241108538122387,0.020818954305131948,0.4561932472625267
2020-09-01,1.04494248424811,28.017142857142858,27.64761904761905,1.8676504812813797,0.9216134487307691,1.0946357308423589
2020-10-01,1.02195922573431,30.815,29.438636363636363,1.5428943469538368,1.249797119097101,1.3349549102941618
2020-11-01,1.00803314143062,25.357,24.9955,1.3461171448843279,0.609583419326048,0.7387736921940706
2020-12-01,1.00178596745692,21.704090909090908,22.37409090909091,1.25784384504078,0.18110367509405423,0.38703232369873714
2021-01-01,0.999963905818445,23.288947368421052,24.91,1.232097900710807,0.36700452108778864,0.7273012794712165
2021-02-01,1.00597213701597,21.877894736842105,23.140526315789472,1.316994911144849,0.2014905551964662,0.489872830260778
2021-03-01,1.00858698781995,21.119565217391305,21.84304347826087,1.3539430592255024,0.11253985030581003,0.3157762382964733
2021-04-01,0.993870935679712,16.409523809523808,17.416190476190476,1.1460035191138733,-0.43993963591729507,-0.27822007402115895
2021-05-01,0.98389721474178,18.599,19.7605,1.0050736742566004,-0.1831179700203744,0.03634000091756128
2021-06-01,0.978525271562109,14.940454545454545,16.956818181818182,0.9291674880293663,-0.612258849689688,-0.3398587705648246
2021-07-01,0.976954905553192,15.470952380952381,17.60333333333333,0.9069780324206654,-0.550032396412919,-0.25310919571382584
2021-08-01,0.9749214562683,15.008181818181818,17.472727272727273,0.8782451558915988,-0.604314560967055,-0.2706339516363851
2021-09-01,0.977197243234903,17.5625,19.824761904761903,0.9104022922429664,-0.3046975779010443,0.04496268037703844
2021-10-01,0.977729943172538,NA,17.87142857142857,0.9179294047452693,NA,-0.21713610541604306
2021-11-01,0.977189073939019,NA,18.500476190476192,0.9102868591354344,NA,-0.13273032871378507
2021-12-01,0.983534092043042,NA,21.354545454545455,0.9999427079987938,NA,0.2502294436489663
2022-01-01,0.996028200015681,NA,23.181,1.176485916814414,NA,0.49530359996461015
2022-02-01,1.00375694877042,NA,25.748421052631578,1.2856940418185678,NA,0.8398008391357696
2022-03-01,1.01256366840402,NA,26.968695652173913,1.4101340215802318,NA,1.003537609207878
2022-04-01,1.01987629246393,NA,24.3735,1.5134622559148454,NA,0.6553135668886286
2022-05-01,1.0243974953224,NA,29.313636363636363,1.5773473817748596,NA,1.3181823770736147
2022-06-01,1.03089496709948,NA,28.23318181818182,1.669157418892087,NA,1.173206699018196
2022-07-01,1.03938211008465,NA,24.995238095238093,1.7890817431863981,NA,0.738738549743513
2022-08-01,1.03011521142323,NA,22.169565217391305,1.6581393798709059,NA,0.3595890120308413
2022-09-01,1.02547848963507,NA,27.341818181818184,1.5926219580061611,NA,1.0536032893982226
2022-10-01,1.01795749885833,NA,30.005714285714287,1.4863494775612929,NA,1.411045576587688
2022-11-01,1.01204551128079,NA,23.29909090909091,1.402812400748555,NA,0.5111490695307852
2022-12-01,1.00492782229,NA,21.784285714285716,1.302238621769097,NA,0.3078921059105665
2023-01-01,0.998418149694567,NA,20.169047619047618,1.2102561856597267,NA,0.09115902901877368
2023-02-01,0.986072533146738,NA,20.1205,1.0358111780662336,NA,0.08464489659273663
2023-03-01,0.976597889816417,NA,21.644347826086957,0.9019333582505729,NA,0.28911520288155146
2023-04-01,0.968246161588056,NA,17.817894736842106,0.7839224603281486,NA,-0.2243192895682409
2023-05-01,0.959518612934478,NA,17.63608695652174,0.6606011757857642,NA,-0.24871430584965892
2023-06-01,0.950802572096538,NA,14.003181818181819,0.537442498026002,NA,-0.7361784828088775
2023-07-01,0.945032742967819,NA,13.932380952380953,0.45591413674302234,NA,-0.7456785617983857
2023-08-01,0.943575111649726,NA,15.853913043478261,0.4353176355178183,NA,-0.4878468751401712
2023-09-01,0.940448266673721,NA,15.173333333333334,0.39113494982774694,NA,-0.5791672415212598
2023-10-01,0.941841316113048,NA,18.887727272727272,0.410818901542921,NA,-0.08076887557979287
2023-11-01,0.938339783964691,NA,14.01909090909091,0.3613418422285834,NA,-0.7340437967626261
2023-12-01,0.933472658406076,NA,12.7185,0.29256878810514314,NA,-0.9085574305951759
2024-01-01,0.929296156428671,NA,13.388636363636364,0.23355432606187115,NA,-0.818638355224076
2024-02-01,0.922320246896669,NA,13.98047619047619,0.1349839074386222,NA,-0.7392251299687657
2024-03-01,0.913562352590758,NA,13.7875,0.011233835275047501,NA,-0.7651187264930579
2024-04-01,0.909821570747337,NA,16.137727272727272,-0.04162385024863974,NA,-0.4497646064318274
2024-05-01,0.90673265329537,NA,13.058695652173913,-0.08527061558243129,NA,-0.862909887574595
2024-06-01,0.903249939131554,NA,12.667,-0.13448177457146374,NA,-0.9154677142820414
2024-07-01,0.903473966849552,NA,14.373913043478261,-0.13131623668067538,NA,-0.686433668471448
2024-08-01,0.906177328585454,NA,19.312272727272727,-0.09311741876661032,NA,-0.023803253659825736
2024-09-01,0.906557988810373,NA,17.663333333333334,-0.08773864521007911,NA,-0.24505837976796296
2024-10-01,0.907375431100004,NA,19.96086956521739,-0.07618808992841546,NA,0.06322564242952312
2024-11-01,0.905662155277586,NA,16.015238095238097,-0.10039687793779285,NA,-0.4662002368205848
2024-12-01,0.906558113365592,NA,15.866190476190477,-0.08773688523024782,NA,-0.4861994859559419
2025-01-01,0.909660168245787,NA,16.763636363636362,-0.043904486497095045,NA,-0.3657799582693066
2025-02-01,0.912145742185249,NA,16.968,-0.00878303565145931,NA,-0.3383583912294593
2025-03-01,0.91532092903695,NA,21.841428571428573,0.036082726403424324,NA,0.3155595496685308
2025-04-01,1.09710170612665,NA,31.966190476190476,2.6046663946966286,NA,1.6741027928505148
2025-05-01,NA,NA,20.462272727272726,NA,NA,0.1305040519692067
2025-06-01,NA,NA,18.403333333333332,NA,NA,-0.1457649831023248
2025-07-01,NA,NA,16.590555555555554,NA,NA,-0.38900398709630246
